,timestamp,accel_x,accel_y,accel_z,gyro_x,gyro_y,gyro_z
0,1695731789675,-0.5793457,0.116882324,0.94085693,-4.328125,5.171875,1.875
1,1695731789708,-0.5588379,0.09173584,0.9611206,1.734375,6.0625,0.546875
2,1695731789746,-0.5180664,0.10809326,0.9660034,3.375,4.953125,0.875
3,1695731789783,-0.5058594,0.10369873,0.9755249,3.796875,5.0,-0.359375
4,1695731789821,-0.5251465,0.0993042,0.9784546,7.09375,4.390625,-0.40625
5,1695731789870,-0.52734375,0.08856201,0.98602295,6.671875,4.875,0.875
6,1695731789908,-0.5209961,0.08538818,0.97821045,4.1875,3.171875,0.359375
7,1695731789948,-0.5197754,0.090026855,0.9672241,2.015625,0.8125,-0.234375
8,1695731789983,-0.5107422,0.07977295,0.97576904,3.625,3.484375,-0.28125
9,1695731790033,-0.5124512,0.070251465,0.98114014,1.4375,3.140625,0.578125
10,1695731790058,-0.5061035,0.06903076,0.9801636,0.59375,0.53125,0.4375
11,1695731790108,-0.51416016,0.070007324,0.9772339,1.71875,0.890625,-0.140625
12,1695731790147,-0.51171875,0.066345215,0.9796753,2.015625,2.96875,-0.125
13,1695731790184,-0.4975586,0.06756592,0.9767456,4.546875,5.171875,-0.21875
14,1695731790222,-0.5,0.059265137,0.99798584,17.15625,9.359375,-0.84375
15,1695731790259,-0.46533203,0.007751465,0.94573975,17.796875,12.734375,2.8125
16,1695731790296,-0.48657227,0.0028686523,1.0297241,-2.8125,-10.296875,0.8125
17,1695731790335,-0.5366211,0.026794434,1.0429077,-23.453125,-19.171875,2.484375
18,1695731790383,-0.56811523,0.06439209,0.8961792,-29.90625,-27.0,-3.609375
19,1695731790421,-0.46240234,0.12884521,0.94281006,-12.140625,15.296875,-6.75
20,1695731790459,-0.5202637,0.16693115,0.95111084,4.34375,17.265625,2.53125
21,1695731790497,-0.5437012,0.07196045,0.96551514,4.625,-11.5,3.21875
22,1695731790538,-0.5168457,0.019714355,1.046814,26.125,30.265625,-4.21875
23,1695731790571,-0.5031738,0.019958496,0.91815186,30.890625,44.296875,9.453125
24,1695731790610,-0.3659668,0.007019043,1.1500854,16.578125,7.890625,1.53125
25,1695731790660,-0.48242188,-0.025939941,1.0180054,-18.78125,-23.5,0.15625
26,1695731790702,-0.48950195,0.020935059,0.94085693,-23.203125,-10.375,-2.203125
27,1695731790750,-0.4013672,0.11932373,0.9906616,-13.796875,6.40625,-4.390625
28,1695731790773,-0.42578125,0.16033936,1.0128784,-2.796875,7.078125,-1.78125
29,1695731790809,-0.46289062,0.06829834,1.0419312,-10.984375,-12.453125,3.21875
30,1695731790851,-0.54663086,0.0060424805,0.94207764,-21.234375,-15.015625,-1.6875
31,1695731790900,-0.44726562,0.06072998,0.98895264,0.03125,13.34375,-6.890625
32,1695731790936,-0.4794922,0.15081787,0.96380615,8.46875,9.765625,2.53125
33,1695731790971,-0.45117188,0.09490967,1.0634155,4.46875,-7.609375,2.640625
34,1695731791010,-0.60180664,0.04925537,0.98358154,-16.0625,-19.875,1.296875
35,1695731791050,-0.5402832,0.13543701,0.88812256,-11.59375,-0.578125,-3.4375
36,1695731791085,-0.44384766,0.20477295,0.9977417,-0.625,15.140625,-1.546875
37,1695731791122,-0.49145508,0.13446045,0.9730835,-2.375,-2.921875,3.8125
38,1695731791174,-0.5427246,0.07489014,1.0133667,-8.859375,-12.375,2.59375
39,1695731791213,-0.51538086,0.086120605,0.9574585,-4.21875,4.25,-2.0625
40,1695731791248,-0.41259766,0.1408081,1.0011597,11.546875,14.515625,-3.109375
41,1695731791285,-0.45336914,0.13104248,1.0077515,8.5625,-1.109375,3.359375
42,1695731791323,-0.59814453,0.121276855,1.0028687,-3.609375,-10.921875,1.4375
43,1695731791361,-0.5107422,0.097595215,0.94696045,1.609375,9.421875,-1.609375
44,1695731791411,-0.4645996,0.18597412,1.032898,16.671875,14.78125,-1.15625
45,1695731791447,-0.47387695,0.07733154,0.9647827,9.28125,4.84375,4.84375
46,1695731791485,-0.50756836,0.05731201,0.9850464,1.671875,-4.125,3.0
47,1695731791522,-0.4753418,0.05706787,0.9801636,1.59375,2.921875,-1.140625
48,1695731791560,-0.48413086,0.05999756,1.0040894,1.015625,12.15625,0.90625
49,1695731791597,-0.47729492,0.06903076,1.0736694,2.515625,-0.78125,4.53125
50,1695731791635,-0.5012207,0.035827637,0.99749756,-15.375,-21.84375,0.046875
51,1695731791686,-0.52612305,0.089782715,0.89886475,-22.609375,-2.734375,-5.15625
52,1695731791722,-0.38867188,0.20599365,0.9816284,-9.0,18.765625,-6.640625
53,1695731791759,-0.50634766,0.14764404,1.0199585,7.671875,2.8125,2.296875
54,1695731791797,-0.5205078,0.101989746,0.9804077,-10.9375,-17.96875,2.78125
55,1695731791834,-0.5605469,0.10003662,0.9743042,-13.15625,-4.78125,-5.046875
56,1695731791872,-0.5124512,0.15960693,0.93304443,-5.796875,2.765625,-1.3125
57,1695731791909,-0.47973633,0.2399292,0.949646,-7.03125,3.40625,-1.953125
58,1695731791959,-0.4741211,0.16619873,0.9874878,2.171875,7.65625,-0.96875
59,1695731791997,-0.45996094,0.12225342,1.0228882,6.453125,1.953125,0.609375
60,1695731792035,-0.54248047,0.13201904,1.0050659,-1.96875,-9.34375,1.421875
61,1695731792073,-0.4970703,0.15496826,0.9833374,-1.65625,-0.078125,-1.25
62,1695731792111,-0.4765625,0.19573975,0.98773193,3.296875,3.46875,1.71875
63,1695731792148,-0.5410156,0.18548584,1.0202026,5.453125,0.234375,2.71875
64,1695731792199,-0.5222168,0.13739014,0.93743896,4.765625,2.078125,4.53125
65,1695731792235,-0.4753418,0.117126465,1.0228882,24.84375,21.640625,3.5625
66,1695731792272,-0.5004883,0.0289917,1.0526733,44.703125,16.71875,5.78125
67,1695731792309,-0.50805664,-0.03643799,1.0075073,29.484375,8.1875,0.8125
68,1695731792348,-0.4008789,-0.016906738,0.93914795,18.03125,4.03125,-8.21875
69,1695731792385,-0.40820312,0.10443115,0.9725952,9.640625,-2.296875,-3.34375
70,1695731792423,-0.48535156,0.04510498,0.934021,-0.984375,-6.75,1.203125
71,1695731792472,-0.4897461,-0.06109619,0.9850464,-15.9375,-23.640625,0.46875
72,1695731792509,-0.6452637,0.09124756,0.9767456,-58.234375,-34.875,-5.671875
73,1695731792560,-0.44873047,0.18084717,0.93133545,-21.5625,1.9375,-13.890625
74,1695731792585,-0.45922852,0.081726074,1.0509644,-9.15625,30.96875,-7.0
75,1695731792623,-0.4152832,0.18450928,1.053894,22.796875,10.40625,0.75
76,1695731792660,-0.47705078,-0.06011963,1.048523,8.34375,-4.828125,8.625
77,1695731792748,-0.68725586,0.011657715,0.8710327,-14.921875,-29.078125,1.09375
78,1695731792750,-0.5917969,0.07928467,0.9520874,-21.5625,-5.296875,-4.125
79,1695731792783,-0.4309082,0.18304443,0.9603882,-7.15625,19.515625,-4.65625
80,1695731792823,-0.484375,0.29901123,0.9916382,14.96875,17.015625,-1.140625
81,1695731792860,-0.5361328,0.1329956,0.9550171,-6.46875,-17.0625,7.875
82,1695731792900,-0.6218262,0.14178467,1.0280151,-13.296875,-14.421875,-3.171875
83,1695731792935,-0.58154297,0.04901123,0.94281006,-3.96875,17.390625,-1.0
84,1695731792985,-0.44995117,0.21331787,0.979187,10.375,14.6875,-3.71875
85,1695731793023,-0.40673828,0.13641357,1.0248413,10.53125,0.109375,3.6875
86,1695731793061,-0.6616211,0.0524292,0.96868896,-9.828125,-18.25,4.40625
87,1695731793097,-0.5397949,0.10369873,0.9303589,-6.921875,3.984375,-3.609375
88,1695731793135,-0.42358398,0.18719482,0.9750366,-1.265625,15.109375,-5.8125
89,1695731793172,-0.4711914,0.25506592,1.0419312,21.375,17.90625,0.4375
90,1695731793221,-0.51000977,0.094177246,0.98114014,0.375,-8.40625,6.78125
91,1695731793260,-0.62353516,0.030700684,0.93426514,-0.859375,0.0,3.171875
92,1695731793298,-0.49780273,0.1149292,0.9586792,-3.546875,14.109375,-0.21875
93,1695731793336,-0.4729004,0.21356201,0.9869995,5.921875,3.078125,3.453125
94,1695731793373,-0.51782227,0.14227295,1.045105,5.875,-5.96875,3.171875
95,1695731793410,-0.5109863,0.019714355,1.0270386,-10.484375,-19.828125,0.0
96,1695731793448,-0.5168457,0.09661865,0.9303589,-16.953125,-7.359375,-6.890625
97,1695731793498,-0.42285156,0.17156982,1.0343628,2.890625,23.1875,-8.8125
98,1695731793537,-0.50219727,0.17376709,1.0912476,29.625,15.25,0.28125
99,1695731793575,-0.5126953,0.04510498,1.0150757,42.765625,6.4375,6.203125
100,1695731793614,-0.45483398,-0.109436035,0.9598999,24.15625,3.0,5.21875
101,1695731793648,-0.46948242,0.0067749023,0.87786865,4.09375,-10.3125,2.265625
102,1695731793685,-0.48461914,0.0018920898,0.9257202,-27.6875,-9.03125,1.90625
103,1695731793723,-0.52124023,0.20526123,0.9286499,-50.9375,-15.59375,-9.515625
104,1695731793773,-0.5695801,0.23968506,0.98724365,-13.15625,2.859375,-7.9375
105,1695731793810,-0.4831543,0.16448975,1.0341187,2.0,24.53125,-4.640625
106,1695731793848,-0.42114258,0.13739014,1.069519,37.6875,10.09375,2.390625
107,1695731793884,-0.4946289,-0.09527588,0.93011475,0.828125,-7.015625,8.921875
108,1695731793922,-0.62646484,-0.047180176,1.007019,-9.1875,-10.5,-2.5625
109,1695731793960,-0.50268555,0.07122803,0.9098511,-20.03125,12.015625,-3.265625
110,1695731794010,-0.40307617,0.26507568,1.0321655,-6.765625,20.875,-3.28125
111,1695731794048,-0.38330078,0.27679443,1.0565796,15.71875,12.078125,1.140625
112,1695731794085,-0.4699707,0.05682373,1.0123901,9.328125,0.40625,9.46875
113,1695731794123,-0.50927734,-0.0037231445,1.0165405,-3.5,-5.46875,1.171875
114,1695731794160,-0.513916,0.017028809,0.965271,-21.0625,3.0625,1.890625
115,1695731794198,-0.39160156,0.1642456,0.9689331,-14.515625,18.734375,-4.390625
116,1695731794234,-0.35180664,0.21063232,1.0375366,10.9375,8.140625,1.34375
117,1695731794285,-0.49951172,0.094177246,1.0153198,-0.84375,-14.71875,5.59375
118,1695731794335,-0.4880371,0.050231934,0.9171753,-19.65625,-22.921875,-3.15625
119,1695731794360,-0.5131836,0.13372803,1.0287476,-11.171875,2.171875,-4.234375
120,1695731794398,-0.37719727,0.25360107,1.0028687,-2.625,10.0625,-6.078125
121,1695731794435,-0.40673828,0.1605835,0.99212646,9.21875,-2.9375,4.078125
122,1695731794472,-0.5776367,0.07977295,1.0197144,2.109375,-7.234375,5.3125
123,1695731794523,-0.5053711,0.081970215,0.9916382,-10.21875,-4.84375,-4.046875
124,1695731794560,-0.44311523,0.18597412,0.9789429,-10.96875,9.375,-5.34375
125,1695731794598,-0.3869629,0.26385498,0.9960327,5.875,1.375,-0.40625
126,1695731794635,-0.55444336,0.18475342,1.0321655,6.96875,-10.90625,5.96875
127,1695731794671,-0.45922852,0.055114746,1.0585327,4.25,-4.359375,1.40625
128,1695731794710,-0.51220703,0.11956787,0.80340576,-7.671875,-0.546875,2.40625
129,1695731794749,-0.49047852,0.18572998,0.9196167,-6.6875,11.65625,-0.15625
130,1695731794798,-0.53222656,0.18157959,0.9738159,-10.078125,-1.921875,4.765625
131,1695731794835,-0.5187988,0.22039795,0.98187256,-9.796875,6.359375,-2.75
132,1695731794872,-0.44311523,0.21917725,0.9550171,-0.4375,2.0,-1.5625
133,1695731794909,-0.5053711,0.18841553,0.9869995,0.21875,-7.03125,-1.828125
134,1695731794950,-0.47387695,0.2074585,1.0001831,8.9375,-8.671875,-2.890625
135,1695731794986,-0.45874023,0.082214355,1.0204468,1.203125,-7.78125,-7.0
136,1695731795023,-0.4440918,0.17669678,0.9384155,6.640625,1.0625,-6.859375
137,1695731795073,-0.5148926,0.21234131,0.98114014,1.328125,1.046875,2.140625
138,1695731795110,-0.548584,0.117126465,0.9437866,2.203125,2.5,6.015625
139,1695731795149,-0.56030273,0.11883545,0.9711304,-0.6875,0.375,3.875
140,1695731795185,-0.5371094,0.18157959,0.9767456,-7.15625,5.0,0.640625
141,1695731795223,-0.47827148,0.24554443,0.9569702,-0.203125,2.03125,0.828125
142,1695731795313,-0.49829102,0.18988037,0.9935913,2.703125,0.71875,0.9375
143,1695731795316,-0.48583984,0.17547607,1.0507202,10.296875,-3.65625,1.5625
144,1695731795350,-0.5205078,0.1161499,0.9591675,12.6875,-4.3125,4.75
145,1695731795385,-0.529541,0.112976074,0.91986084,9.34375,0.03125,5.125
146,1695731795423,-0.5185547,0.090270996,1.0512085,32.1875,10.8125,1.234375
147,1695731795461,-0.5253906,-0.035461426,1.0319214,30.796875,19.125,6.03125
148,1695731795498,-0.50878906,0.039978027,0.9508667,24.375,16.953125,3.515625
149,1695731795535,-0.39257812,0.047546387,0.9069214,9.78125,2.1875,-2.21875
150,1695731795585,-0.4440918,0.08465576,0.9682007,-9.53125,-15.078125,-0.96875
151,1695731795622,-0.5,-0.11212158,0.9154663,-34.828125,-8.21875,-1.046875
152,1695731795661,-0.5161133,0.22406006,0.9171753,-37.140625,-12.203125,-13.265625
153,1695731795697,-0.6166992,0.14129639,1.0228882,-20.546875,-0.421875,-7.3125
154,1695731795736,-0.3942871,0.15570068,1.0072632,-3.515625,9.578125,-2.9375
155,1695731795773,-0.4724121,0.11077881,1.1054077,21.0625,1.8125,4.28125
156,1695731795822,-0.57373047,-0.06719971,0.7338257,-1.359375,-8.796875,5.65625
157,1695731795862,-0.6425781,0.08148193,0.9501343,-25.296875,-4.359375,-1.09375
158,1695731795898,-0.5344238,0.20452881,1.0128784,-16.109375,5.40625,-4.703125
159,1695731795936,-0.3815918,0.27435303,0.95770264,-4.234375,18.375,-4.09375
160,1695731795973,-0.40673828,0.27874756,1.0319214,16.03125,4.90625,4.78125
161,1695731796009,-0.5822754,0.109802246,0.8944702,0.015625,-12.78125,7.109375
162,1695731796047,-0.5124512,0.05291748,1.0499878,1.578125,-6.171875,0.25
163,1695731796097,-0.5246582,0.10858154,0.9633179,-4.078125,-6.765625,-2.03125
164,1695731796136,-0.48168945,0.1930542,0.9594116,10.203125,-7.859375,2.03125
165,1695731796174,-0.5192871,0.12664795,0.9540405,0.59375,-3.34375,5.8125
166,1695731796210,-0.6381836,0.07684326,0.9672241,0.734375,-0.90625,5.609375
167,1695731796250,-0.564209,0.0848999,0.9611206,-3.671875,1.265625,0.46875
168,1695731796286,-0.49047852,0.18597412,0.949646,-1.4375,2.578125,-1.671875
169,1695731796323,-0.50219727,0.15765381,0.9723511,5.875,9.28125,-0.375
170,1695731796372,-0.5180664,0.086120605,0.99334717,19.375,10.671875,1.796875
171,1695731796411,-0.5534668,0.08294678,0.9335327,3.75,-0.640625,2.671875
172,1695731796448,-0.59594727,-0.020080566,0.9249878,-10.59375,-10.96875,-2.078125
173,1695731796485,-0.42797852,0.21356201,0.8864136,-26.5,2.875,-12.578125
174,1695731796522,-0.54663086,0.19329834,1.0106812,-6.5,8.421875,-2.9375
175,1695731796560,-0.42333984,0.21356201,1.0419312,1.90625,7.40625,-2.0
176,1695731796610,-0.48876953,0.059753418,0.9918823,17.15625,-3.65625,6.21875
177,1695731796648,-0.6113281,0.0680542,0.9537964,3.171875,-4.296875,7.28125
178,1695731796685,-0.5432129,0.036315918,0.95526123,2.015625,2.15625,0.921875
179,1695731796723,-0.49267578,0.10418701,0.965271,4.625,9.734375,-2.140625
180,1695731796760,-0.5041504,0.17181396,1.0248413,20.203125,20.703125,1.875
181,1695731796797,-0.5317383,0.066345215,1.071228,31.84375,16.96875,5.1875
182,1695731796835,-0.54541016,-0.047912598,0.9640503,26.03125,3.453125,4.078125
183,1695731796886,-0.4025879,0.007019043,0.9227905,-2.546875,-4.09375,-3.234375
184,1695731796923,-0.4477539,0.0368042,0.91522217,-21.8125,-13.265625,0.75
185,1695731796960,-0.5800781,0.1005249,0.95648193,-50.015625,-32.21875,-6.03125
186,1695731796997,-0.40820312,0.19012451,0.9689331,-22.625,1.421875,-13.09375
187,1695731797035,-0.53393555,0.1798706,1.0341187,-13.328125,17.21875,-4.875
188,1695731797074,-0.40039062,0.22796631,1.0350952,13.78125,-0.765625,-1.046875
189,1695731797123,-0.53808594,-0.0049438477,0.9857788,-1.328125,-12.078125,8.25
190,1695731797160,-0.61572266,-0.00079345703,0.9171753,-5.328125,-5.09375,3.390625
191,1695731797210,-0.53930664,0.078552246,0.94158936,-1.03125,18.03125,-5.421875
192,1695731797235,-0.45166016,0.22332764,0.99505615,17.96875,15.328125,4.0625
193,1695731797272,-0.4519043,0.15081787,1.038269,5.140625,-25.765625,9.515625
194,1695731797310,-0.58740234,0.18548584,0.96673584,-15.1875,-16.9375,-6.265625
195,1695731797349,-0.6179199,0.12786865,0.8944702,-9.515625,-6.109375,-5.984375
196,1695731797398,-0.48486328,0.16033936,1.0175171,1.90625,12.359375,-4.609375
197,1695731797437,-0.5473633,0.11224365,0.9335327,-3.3125,-10.234375,1.734375
198,1695731797473,-0.63378906,0.13812256,0.9227905,-11.578125,-3.296875,-3.0625
199,1695731797523,-0.48828125,0.05682373,0.93963623,-3.0,12.59375,-4.421875
200,1695731797547,-0.47338867,0.1408081,0.9821167,7.859375,9.46875,1.796875
201,1695731797585,-0.49804688,0.18865967,0.9266968,9.375,6.4375,2.8125
202,1695731797624,-0.5449219,0.117370605,1.0314331,4.78125,-4.078125,5.78125
203,1695731797673,-0.5905762,0.12176514,0.9821167,-7.390625,-10.546875,-2.328125
204,1695731797715,-0.61083984,0.15325928,0.90545654,-1.609375,6.3125,-6.96875
205,1695731797747,-0.45996094,0.15203857,0.98236084,8.71875,15.296875,-0.765625
206,1695731797784,-0.59716797,0.1486206,0.868103,-3.4375,-12.390625,5.828125
207,1695731797822,-0.51831055,0.13275146,0.93865967,-9.46875,-7.078125,-5.875
208,1695731797863,-0.49853516,0.07537842,0.97210693,-8.265625,-4.296875,-3.140625
209,1695731797910,-0.55322266,0.20257568,0.98602295,6.25,11.453125,-0.484375
210,1695731797947,-0.5732422,0.1317749,0.9784546,8.515625,2.34375,5.765625
211,1695731797999,-0.57421875,0.1383667,0.95306396,-3.328125,-7.171875,1.171875
212,1695731798027,-0.5192871,0.08831787,0.93426514,-3.921875,4.875,-5.3125
213,1695731798059,-0.49169922,0.14813232,1.0014038,3.734375,12.34375,-4.203125
214,1695731798097,-0.55078125,0.18548584,1.1251831,11.609375,17.25,0.09375
215,1695731798134,-0.63793945,0.18182373,0.93743896,13.734375,0.484375,4.4375
216,1695731798184,-0.48779297,0.0993042,0.9894409,22.484375,5.546875,13.109375
217,1695731798223,-0.4165039,0.016540527,0.855896,12.171875,11.65625,10.90625
218,1695731798260,-0.48291016,-0.030334473,0.94281006,-3.53125,-7.046875,2.53125
219,1695731798299,-0.48754883,0.008728027,0.8786011,-28.65625,-24.984375,-6.6875
220,1695731798335,-0.46557617,0.24481201,0.9257202,-37.328125,-17.328125,-8.015625
221,1695731798374,-0.5527344,0.22454834,0.99139404,-10.890625,7.453125,-10.390625
222,1695731798423,-0.61743164,0.21673584,1.0807495,-0.515625,20.984375,-12.28125
223,1695731798461,-0.57714844,0.08880615,0.9315796,21.671875,3.71875,2.078125
224,1695731798498,-0.5866699,0.09295654,0.8998413,-12.6875,-20.25,5.34375
225,1695731798560,-0.55029297,0.0758667,0.92108154,-14.171875,-5.90625,-2.96875
226,1695731798573,-0.52563477,0.117614746,0.9364624,-3.171875,9.6875,-3.265625
227,1695731798611,-0.4423828,0.26312256,0.9953003,15.5625,17.46875,0.25
228,1695731798648,-0.5136719,0.20721436,0.9755249,13.78125,-2.875,9.5625
229,1695731798700,-0.50439453,0.1281128,0.92181396,23.484375,-0.625,4.8125
230,1695731798736,-0.50512695,-0.026428223,0.99993896,15.6875,9.921875,1.953125
231,1695731798774,-0.52001953,0.04876709,1.0336304,14.015625,5.65625,-10.375
232,1695731798811,-0.55810547,0.08050537,0.93914795,1.21875,-6.921875,-4.984375
233,1695731798849,-0.57788086,0.15252686,0.99920654,-7.96875,-12.25,1.265625
234,1695731798885,-0.5883789,0.11517334,0.9215698,-18.671875,-9.921875,0.375
235,1695731798922,-0.44140625,0.06317139,0.9345093,-0.296875,18.3125,-3.921875
236,1695731798974,-0.5090332,0.12567139,1.0057983,8.140625,1.546875,1.609375
237,1695731799010,-0.578125,0.08270264,0.9450073,3.4375,-4.25,6.046875
238,1695731799048,-0.53515625,-0.011291504,1.0089722,13.578125,-0.34375,6.0625
239,1695731799085,-0.5263672,0.02166748,0.95843506,5.328125,-1.21875,-1.421875
240,1695731799124,-0.55810547,0.055847168,0.95526123,6.796875,3.96875,-1.40625
241,1695731799160,-0.56152344,0.07513428,0.9491577,-13.046875,-3.796875,6.0
242,1695731799249,-0.55322266,0.14202881,0.89886475,-36.78125,-26.703125,-8.703125
243,1695731799251,-0.59521484,0.17449951,0.8973999,-28.796875,15.515625,-13.25
244,1695731799284,-0.5078125,0.2699585,0.9762573,1.140625,19.515625,-0.890625
245,1695731799323,-0.5695801,0.08709717,1.0031128,26.109375,8.890625,8.53125
246,1695731799359,-0.46118164,-0.03302002,0.97161865,-12.734375,-22.890625,4.484375
247,1695731799397,-0.58984375,0.0758667,0.93573,-15.96875,-5.5625,-8.515625
248,1695731799434,-0.5761719,0.14154053,0.92059326,-3.890625,15.375,-2.390625
249,1695731799486,-0.48583984,0.2814331,1.008728,11.1875,18.6875,0.796875
250,1695731799524,-0.47875977,0.14300537,1.0324097,18.078125,4.90625,11.46875
251,1695731799562,-0.5620117,0.1281128,0.95526123,1.25,-10.640625,9.578125
252,1695731799598,-0.56225586,0.078552246,0.9664917,10.0625,1.546875,-1.25
253,1695731799635,-0.5253906,0.031433105,1.053894,31.859375,25.453125,1.609375
254,1695731799673,-0.4633789,0.022155762,0.95428467,37.234375,24.1875,3.640625
255,1695731799723,-0.48754883,0.047302246,0.99676514,26.578125,17.125,5.296875
256,1695731799763,-0.3815918,-0.06060791,1.0062866,10.6875,7.921875,1.640625
257,1695731799797,-0.47485352,-0.0960083,0.99505615,-28.96875,-17.046875,-0.40625
258,1695731799835,-0.62890625,0.0602417,0.8546753,-50.265625,-31.96875,-8.546875
259,1695731799872,-0.43774414,0.20526123,1.0426636,-40.15625,-5.359375,-13.28125
260,1695731799910,-0.42382812,0.19158936,0.95184326,6.53125,23.4375,-3.203125
261,1695731799948,-0.44189453,0.1227417,1.1122437,16.28125,13.015625,-0.296875
262,1695731799996,-0.49902344,-0.042053223,0.95599365,-1.96875,-14.515625,6.15625
263,1695731800035,-0.5583496,-0.03692627,0.9682007,-13.6875,-11.0625,1.125
264,1695731800073,-0.4909668,0.08026123,0.9586792,-1.5,16.375,-2.234375
265,1695731800123,-0.45410156,0.1696167,1.0192261,12.890625,14.671875,3.5625
266,1695731800150,-0.46044922,0.1515503,1.0245972,-2.03125,-9.375,5.71875
267,1695731800185,-0.5317383,0.15130615,1.0045776,-14.65625,-16.78125,-0.359375
268,1695731800222,-0.47338867,0.08465576,0.97454834,-4.359375,7.21875,-3.671875
269,1695731800272,-0.48168945,0.14642334,1.0397339,10.515625,10.546875,-1.671875
270,1695731800309,-0.5070801,0.03656006,0.9567261,4.0,-11.578125,6.390625
271,1695731800347,-0.5571289,0.050476074,0.9730835,-18.78125,-17.03125,0.71875
272,1695731800384,-0.5270996,0.07293701,0.9425659,-13.140625,1.28125,-1.828125
273,1695731800422,-0.45288086,0.19451904,0.9821167,1.203125,18.5,-4.453125
274,1695731800461,-0.48828125,0.18011475,0.97406006,11.8125,4.078125,3.609375
275,1695731800564,-0.5800781,0.101257324,0.95599365,-10.390625,-20.296875,6.5
276,1695731800568,-0.5546875,0.09197998,0.97039795,-11.453125,-2.8125,-2.1875
277,1695731800584,-0.501709,0.12005615,0.9647827,-6.96875,6.59375,-4.5
278,1695731800623,-0.47436523,0.23260498,1.0062866,8.09375,8.046875,-2.625
279,1695731800660,-0.6213379,0.12640381,0.96673584,-9.421875,-14.640625,6.84375
280,1695731800698,-0.5114746,0.113220215,0.94451904,-5.796875,-3.328125,2.984375
281,1695731800735,-0.5058594,0.13006592,0.9598999,-5.234375,-2.375,-2.0625
282,1695731800790,-0.47143555,0.20697021,0.99993896,2.546875,6.96875,-3.671875
283,1695731800824,-0.54125977,0.12713623,0.8461304,2.03125,-5.875,4.28125
284,1695731800861,-0.6843262,0.12664795,0.9423218,-6.484375,-2.71875,3.234375
285,1695731800898,-0.4584961,0.13763428,0.9567261,-7.265625,3.046875,-3.5625
286,1695731800936,-0.5251465,0.24163818,0.99993896,1.28125,2.75,-1.78125
287,1695731800973,-0.5305176,0.17181396,0.93548584,8.28125,1.6875,2.703125
288,1695731801024,-0.55249023,0.14300537,0.96429443,11.203125,0.875,2.84375
289,1695731801060,-0.57006836,0.12249756,1.0424194,25.953125,5.140625,4.125
290,1695731801098,-0.5539551,0.04095459,1.0202026,36.390625,16.84375,3.71875
291,1695731801135,-0.56689453,0.0053100586,0.8859253,16.296875,10.90625,0.984375
292,1695731801173,-0.48999023,0.07366943,0.93426514,9.796875,8.296875,-1.078125
293,1695731801210,-0.4267578,0.06512451,0.94281006,4.1875,-5.171875,-2.171875
294,1695731801248,-0.5317383,0.015319824,0.85565186,-12.21875,-8.515625,-0.296875
295,1695731801310,-0.6152344,0.020935059,1.1000366,-44.484375,-17.8125,-3.375
296,1695731801335,-0.46923828,0.20819092,1.0331421,-21.78125,2.890625,-10.53125
297,1695731801373,-0.47509766,0.1552124,0.9970093,-8.734375,8.53125,-3.40625
298,1695731801410,-0.4501953,0.1359253,1.0394897,16.484375,11.390625,1.21875
299,1695731801447,-0.6047363,-0.014465332,0.9359741,-12.859375,-12.96875,5.296875
300,1695731801484,-0.55444336,0.036315918,0.99139404,-8.75,1.953125,-0.3125
301,1695731801524,-0.5395508,0.1473999,1.0060425,-3.21875,13.28125,-0.125
302,1695731801574,-0.3762207,0.2321167,0.97454834,10.640625,9.375,0.03125
303,1695731801610,-0.58862305,0.19134521,0.98724365,-10.6875,-13.578125,6.53125
304,1695731801646,-0.5793457,0.12322998,0.9730835,-9.34375,2.53125,2.328125
305,1695731801687,-0.48876953,0.16986084,1.0619507,1.1875,10.453125,0.0625
306,1695731801723,-0.46826172,0.23016357,1.0072632,16.03125,5.34375,-0.03125
307,1695731801760,-0.47802734,0.032165527,0.75457764,-2.59375,-7.515625,6.140625
308,1695731801813,-0.65527344,0.085876465,0.979187,-17.078125,-8.28125,0.09375
309,1695731801847,-0.50805664,0.17425537,0.9332886,-20.65625,-5.1875,-3.09375
310,1695731801884,-0.42700195,0.30169678,1.0106812,0.71875,6.703125,-4.953125
311,1695731801921,-0.47192383,0.1618042,0.90740967,4.6875,-4.609375,0.484375
312,1695731801960,-0.7397461,0.1161499,0.94403076,-11.609375,-6.796875,3.4375
313,1695731801997,-0.5473633,0.14910889,0.97650146,-13.21875,0.375,-3.21875
314,1695731802033,-0.44506836,0.25506592,0.99920654,-1.28125,6.234375,-3.078125
315,1695731802085,-0.49169922,0.2411499,0.9154663,9.625,3.421875,-1.265625
316,1695731802122,-0.5498047,0.07293701,0.86639404,4.671875,-2.328125,2.484375
317,1695731802160,-0.75146484,0.16009521,0.91082764,-11.609375,-3.375,0.65625
318,1695731802197,-0.47338867,0.22528076,0.9723511,-8.09375,2.5,-0.078125
319,1695731802235,-0.4663086,0.2909546,0.9935913,2.640625,4.109375,-0.703125
320,1695731802272,-0.52124023,0.19110107,0.99017334,18.5625,3.6875,1.46875
321,1695731802324,-0.5620117,0.06903076,0.85565186,5.640625,1.328125,4.46875
322,1695731802361,-0.6809082,0.1552124,0.9467163,-6.390625,1.515625,0.515625
323,1695731802398,-0.43798828,0.20697021,0.93865967,-6.15625,7.203125,0.09375
324,1695731802435,-0.46948242,0.26507568,0.9857788,6.640625,3.453125,-2.328125
325,1695731802473,-0.5498047,0.18719482,0.97991943,18.40625,2.71875,2.046875
326,1695731802510,-0.5812988,0.09197998,1.0463257,24.984375,2.59375,6.828125
327,1695731802550,-0.5695801,0.06414795,1.0534058,36.3125,6.1875,3.859375
328,1695731802600,-0.43115234,-0.035949707,0.9677124,34.09375,14.90625,-3.171875
329,1695731802637,-0.532959,0.014587402,0.836853,12.265625,1.921875,-1.4375
330,1695731802673,-0.53808594,0.101745605,0.920105,-7.296875,-6.515625,-2.171875
331,1695731802709,-0.5361328,0.086120605,0.9713745,-4.140625,3.796875,-0.375
332,1695731802747,-0.52001953,0.059753418,0.8356323,-8.0,-3.859375,1.234375
333,1695731802784,-0.6147461,0.0045776367,1.0490112,-23.859375,-5.84375,0.875
334,1695731802823,-0.3618164,0.19915771,1.024353,-22.9375,-3.953125,-9.984375
335,1695731802872,-0.5710449,0.1239624,1.0199585,-5.734375,-0.5625,-6.828125
336,1695731802912,-0.41748047,0.061462402,1.0370483,9.09375,16.53125,-0.671875
337,1695731802949,-0.58935547,0.028503418,0.84124756,10.234375,-17.203125,2.5
338,1695731802985,-0.6645508,0.036315918,0.90057373,-22.71875,-3.40625,8.09375
339,1695731803023,-0.5085449,0.113220215,1.0199585,-16.40625,4.8125,-0.71875
340,1695731803060,-0.5319824,0.19769287,0.947937,-7.28125,4.078125,0.515625
341,1695731803110,-0.39990234,0.18133545,1.048523,12.90625,11.71875,0.828125
342,1695731803148,-0.52978516,0.10638428,0.9647827,9.546875,-7.015625,5.25
343,1695731803188,-0.60058594,0.059509277,0.98358154,3.828125,-10.859375,1.234375
344,1695731803222,-0.56518555,0.101989746,0.93865967,-6.09375,-1.28125,-1.859375
345,1695731803260,-0.5732422,0.16204834,0.94647217,-2.859375,4.21875,1.578125
346,1695731803297,-0.47021484,0.1239624,1.0162964,4.375,6.421875,-1.328125
347,1695731803335,-0.54052734,0.105651855,0.9725952,15.359375,-1.125,3.421875
348,1695731803387,-0.5036621,0.045837402,0.9022827,6.84375,-7.578125,3.46875
349,1695731803422,-0.5385742,0.03778076,0.91864014,-0.53125,-6.46875,2.109375
350,1695731803461,-0.5908203,0.05731201,0.94744873,4.296875,1.90625,1.109375
351,1695731803510,-0.5402832,0.10467529,1.0160522,10.0625,12.640625,-2.1875
352,1695731803535,-0.53881836,0.035095215,1.0822144,24.984375,29.125,-1.125
353,1695731803572,-0.5715332,0.008239746,0.9389038,13.875,11.59375,-0.03125
354,1695731803622,-0.49487305,0.05291748,0.9540405,10.203125,-5.75,-2.65625
355,1695731803662,-0.44360352,-0.015197754,0.9611206,0.5625,-13.453125,-5.09375
356,1695731803699,-0.52685547,0.051696777,0.9232788,-10.765625,-18.078125,-3.640625
357,1695731803735,-0.5905762,0.022644043,0.9147339,-27.953125,-20.875,-0.171875
358,1695731803774,-0.52368164,0.066833496,0.9266968,-26.59375,0.265625,-6.703125
359,1695731803811,-0.5996094,0.06756592,0.97210693,-8.171875,22.109375,-5.25
360,1695731803848,-0.5107422,0.18206787,1.0062866,4.59375,20.0625,0.78125
361,1695731803898,-0.54125977,0.046081543,0.97332764,18.171875,-7.75,9.40625
362,1695731803935,-0.5930176,0.07904053,0.99334717,-12.875,-22.140625,3.40625
363,1695731803975,-0.5554199,0.053649902,0.96380615,-20.59375,1.046875,-1.59375
364,1695731804010,-0.5280762,0.101501465,0.92474365,-7.90625,7.0625,-3.9375
365,1695731804047,-0.48583984,0.18426514,0.9684448,-6.875,16.25,-3.375
366,1695731804085,-0.5539551,0.15008545,0.90374756,-6.671875,-9.203125,-0.359375
367,1695731804122,-0.5678711,0.06951904,0.916687,-15.0,4.140625,-1.828125
368,1695731804179,-0.5083008,0.16864014,0.9735718,-10.984375,10.359375,-9.09375
369,1695731804210,-0.53881836,0.20697021,0.99090576,7.953125,4.203125,-2.140625
370,1695731804246,-0.4831543,0.14202881,1.0592651,22.640625,12.453125,7.203125
371,1695731804284,-0.57592773,0.055603027,0.8805542,-2.984375,-16.359375,9.46875
372,1695731804327,-0.60180664,0.12664795,1.0028687,2.1875,-11.484375,-1.546875
373,1695731804360,-0.5371094,0.13519287,0.9442749,-9.015625,14.21875,-3.234375
374,1695731804410,-0.5407715,0.17327881,1.0214233,16.125,12.640625,1.1875
375,1695731804450,-0.49072266,0.1281128,1.1017456,20.625,18.8125,2.09375
376,1695731804485,-0.5029297,0.062683105,0.9376831,33.40625,17.359375,2.40625
377,1695731804523,-0.5004883,0.105163574,0.91278076,9.453125,1.828125,-1.25
378,1695731804573,-0.47509766,0.04168701,0.94036865,-0.921875,-4.3125,-1.546875
379,1695731804598,-0.5163574,-0.038146973,0.8617554,-11.65625,4.828125,0.0
380,1695731804635,-0.47192383,0.06121826,1.0414429,-21.203125,-4.4375,-2.9375
381,1695731804685,-0.45751953,0.1954956,1.0189819,-32.21875,-9.484375,-9.34375
382,1695731804735,-0.47924805,0.15106201,0.9738159,-15.9375,5.203125,-6.65625
383,1695731804762,-0.4255371,0.16668701,1.0643921,19.515625,17.0625,-0.09375
384,1695731804798,-0.48901367,0.10369873,1.0219116,30.46875,1.640625,8.921875
385,1695731804835,-0.5942383,-0.012756348,0.9503784,6.859375,-19.90625,8.15625
386,1695731804874,-0.5361328,-0.07110596,1.0038452,-24.828125,-16.15625,-1.046875
387,1695731804922,-0.50097656,0.10687256,0.90179443,-27.46875,9.59375,-4.25
388,1695731804960,-0.4465332,0.29534912,0.98651123,-31.125,6.890625,-7.21875
389,1695731804998,-0.43237305,0.34832764,1.0409546,-13.828125,10.171875,-2.046875
390,1695731805035,-0.54296875,0.20843506,0.91204834,2.515625,-15.71875,2.578125
391,1695731805074,-0.54003906,0.12567139,0.96429443,-1.8125,-10.484375,-1.984375
392,1695731805110,-0.5053711,0.097351074,0.95526123,-7.84375,3.625,-2.84375
393,1695731805149,-0.5275879,0.15252686,1.0033569,8.828125,6.09375,-1.046875
394,1695731805198,-0.43164062,0.17352295,1.0250854,36.78125,21.78125,1.921875
395,1695731805235,-0.5185547,0.06976318,0.95526123,26.1875,5.796875,15.953125
396,1695731805272,-0.5253906,0.089538574,1.0289917,16.109375,-3.21875,8.46875
397,1695731805310,-0.47314453,0.09906006,1.0197144,10.640625,0.84375,-1.046875
398,1695731805347,-0.43579102,0.11517334,1.0099487,6.921875,5.8125,0.59375
399,1695731805385,-0.5,0.0770874,0.99920654,11.734375,13.59375,0.0625
400,1695731805434,-0.5222168,-0.0015258789,1.0253296,-18.796875,-11.5,1.546875
401,1695731805484,-0.6647949,0.12005615,0.9359741,-47.65625,-52.75,-3.03125
402,1695731805510,-0.47631836,0.08856201,0.8912964,-45.96875,-7.21875,-19.625
403,1695731805548,-0.3984375,0.23773193,0.92645264,-3.28125,21.578125,-7.96875
404,1695731805585,-0.53930664,0.30950928,1.0309448,39.03125,15.890625,8.296875
405,1695731805624,-0.62646484,0.085632324,0.9569702,-6.0625,-20.328125,8.34375
406,1695731805660,-0.5979004,0.055114746,0.9254761,-11.78125,-17.546875,-3.453125
407,1695731805710,-0.47680664,0.124694824,0.949646,-5.515625,10.203125,-4.0
408,1695731805760,-0.49267578,0.215271,0.9869995,25.171875,28.859375,-0.296875
409,1695731805785,-0.5407715,0.19720459,1.0245972,42.59375,23.84375,4.75
410,1695731805822,-0.46728516,-0.010314941,0.97088623,13.75,7.53125,5.6875
411,1695731805861,-0.50146484,0.04168701,0.96795654,7.671875,-12.890625,2.15625
412,1695731805898,-0.46142578,0.008972168,0.9657593,-8.203125,-16.65625,-0.3125
413,1695731805936,-0.55126953,0.09246826,0.93548584,-30.578125,-24.859375,1.484375
414,1695731805984,-0.54833984,0.21160889,0.9164429,-22.1875,-0.71875,-4.9375
415,1695731806023,-0.5319824,0.18011475,0.9398804,-8.96875,5.796875,-4.546875
416,1695731806060,-0.46044922,0.20721436,1.0580444,13.09375,17.671875,-7.359375
417,1695731806099,-0.5566406,0.022644043,0.9767456,29.609375,15.90625,6.5
418,1695731806136,-0.5666504,0.013122559,0.916687,7.125,-13.046875,7.875
419,1695731806174,-0.545166,0.01751709,0.9891968,-5.75,-14.140625,1.296875
420,1695731806223,-0.5957031,0.04095459,0.95233154,-19.78125,0.375,0.25
421,1695731806262,-0.5654297,0.19940186,0.9332886,-13.53125,4.546875,-2.5
422,1695731806298,-0.45922852,0.28411865,0.9664917,-8.328125,1.3125,1.125
423,1695731806335,-0.50146484,0.21795654,0.99871826,-5.203125,-8.75,-1.328125
424,1695731806385,-0.5319824,0.07269287,0.96087646,-1.296875,0.234375,-1.25
425,1695731806423,-0.5041504,0.08001709,0.96380615,15.46875,13.890625,-1.53125
426,1695731806448,-0.4892578,0.08905029,0.9813843,24.03125,18.890625,3.21875
427,1695731806498,-0.51586914,0.07757568,1.0219116,17.984375,5.8125,4.265625
428,1695731806535,-0.56103516,0.062438965,0.98895264,1.53125,-11.03125,3.828125
429,1695731806575,-0.56103516,0.09490967,0.9454956,-14.09375,-17.84375,0.453125
430,1695731806610,-0.5107422,0.1473999,0.8930054,-22.046875,-4.703125,-5.390625
431,1695731806659,-0.5332031,0.184021,0.9484253,8.359375,13.109375,-0.609375
432,1695731806684,-0.51464844,0.109558105,0.97943115,19.03125,11.0,6.03125
433,1695731806734,-0.56811523,0.022155762,1.0097046,9.515625,-16.515625,2.953125
434,1695731806773,-0.5908203,-0.035705566,0.94696045,5.34375,-18.765625,-3.15625
435,1695731806810,-0.4970703,0.017028809,0.91326904,-0.828125,5.125,-1.6875
436,1695731806850,-0.5563965,0.1552124,0.93084717,4.015625,-1.125,-0.484375
437,1695731806886,-0.57788086,0.09710693,0.9628296,1.53125,-4.296875,-0.03125
438,1695731806921,-0.6022949,0.038024902,0.94036865,-1.765625,-3.046875,0.859375
439,1695731806959,-0.56152344,0.049987793,0.9242554,2.1875,5.21875,-0.09375
440,1695731807011,-0.53930664,0.046813965,0.9562378,4.265625,15.921875,-1.84375
441,1695731807050,-0.57543945,0.04046631,1.02948,15.8125,13.890625,3.078125
442,1695731807086,-0.54467773,-0.008605957,1.0150757,28.484375,13.125,2.328125
443,1695731807122,-0.5217285,-0.03692627,0.9569702,25.84375,7.359375,-0.125
444,1695731807159,-0.4855957,-0.050354004,0.94281006,13.890625,0.15625,-7.171875
445,1695731807198,-0.52905273,-0.065979004,0.9503784,-14.84375,-8.671875,-5.828125
446,1695731807235,-0.6220703,0.0927124,0.91986084,-42.21875,-16.0625,-5.359375
447,1695731807285,-0.49291992,0.12445068,0.99920654,-24.96875,-5.359375,-4.546875
448,1695731807322,-0.49853516,0.06903076,0.9242554,-21.40625,7.296875,-8.359375
449,1695731807359,-0.45043945,0.13446045,1.039978,2.765625,22.71875,-4.078125
450,1695731807399,-0.55810547,0.07977295,0.9616089,20.65625,0.21875,9.015625
451,1695731807448,-0.51953125,-0.10723877,0.9887085,1.34375,-6.640625,7.15625
452,1695731807473,-0.6142578,-0.0256958,0.97210693,-12.484375,-12.453125,1.796875
453,1695731807523,-0.4987793,0.08026123,0.92767334,-7.578125,6.640625,-3.140625
454,1695731807560,-0.48486328,0.18695068,0.9672241,7.5625,18.71875,1.125
455,1695731807597,-0.51953125,0.13348389,0.99139404,9.8125,4.03125,4.75
456,1695731807635,-0.5541992,0.032409668,1.010437,-4.296875,-14.859375,1.78125
457,1695731807673,-0.5595703,0.020446777,0.9660034,-9.421875,-7.890625,-6.859375
458,1695731807711,-0.4753418,0.04095459,0.91156006,-0.265625,17.859375,-7.40625
459,1695731807748,-0.5119629,0.11053467,1.0192261,14.09375,11.359375,1.78125
460,1695731807798,-0.5505371,0.011169434,1.0162964,-1.390625,-12.453125,5.296875
461,1695731807836,-0.58447266,0.050476074,0.9735718,-15.90625,-18.09375,-1.1875
462,1695731807875,-0.5229492,0.06829834,0.9237671,-5.1875,-0.21875,-0.671875
463,1695731807910,-0.501709,0.15057373,0.94866943,0.1875,11.15625,-3.03125
464,1695731807948,-0.564209,0.09857178,0.9918823,9.796875,6.6875,5.734375
465,1695731807985,-0.5522461,0.00579834,0.994812,-6.71875,-12.25,1.890625
466,1695731808037,-0.55126953,0.043151855,0.9476929,-14.90625,-9.53125,-3.421875
467,1695731808074,-0.52734375,0.11468506,0.883728,-15.75,0.828125,-5.09375
468,1695731808109,-0.5463867,0.18157959,0.96917725,-13.40625,8.890625,-2.5625
469,1695731808147,-0.59277344,0.1461792,0.9899292,-4.65625,-3.515625,0.375
470,1695731808186,-0.5019531,0.06488037,0.96307373,-6.53125,-7.015625,-4.84375
471,1695731808223,-0.5407715,0.1605835,0.9684448,2.34375,8.3125,-3.8125
472,1695731808259,-0.5854492,0.16986084,0.9540405,10.890625,13.1875,2.25
473,1695731808310,-0.5554199,0.09295654,0.947937,7.984375,2.625,7.34375
474,1695731808347,-0.59521484,0.0848999,0.9718628,-10.96875,-21.828125,1.484375
475,1695731808387,-0.5722656,0.13861084,0.91619873,-18.828125,-13.375,-7.796875
476,1695731808425,-0.51708984,0.16229248,0.8890991,-15.0,13.625,-8.859375
477,1695731808461,-0.5427246,0.2987671,0.97698975,-3.84375,16.578125,-5.875
478,1695731808498,-0.6296387,0.16986084,0.9215698,14.09375,-6.96875,10.40625
479,1695731808537,-0.55688477,0.066589355,0.9257202,-0.59375,-6.59375,2.140625
480,1695731808585,-0.58618164,0.08685303,0.8883667,-2.1875,4.65625,-2.765625
481,1695731808647,-0.5090332,0.19891357,0.9738159,4.015625,10.46875,-2.640625
482,1695731808659,-0.52441406,0.22601318,0.9784546,3.5625,14.59375,2.625
483,1695731808709,-0.52441406,0.14422607,0.99383545,19.796875,18.09375,8.390625
484,1695731808735,-0.53222656,0.031921387,0.885437,2.5625,-8.859375,9.921875
485,1695731808773,-0.6003418,0.089538574,1.0177612,-8.3125,-8.421875,-0.546875
486,1695731808861,-0.5280762,0.15692139,0.914978,-14.03125,4.703125,-2.5
487,1695731808863,-0.50097656,0.21234131,0.9911499,-1.28125,12.640625,-3.1875
488,1695731808900,-0.48120117,0.18133545,0.95477295,0.5625,-7.390625,2.734375
489,1695731808935,-0.6208496,0.12200928,0.96746826,-10.6875,-9.125,1.828125
490,1695731808973,-0.5703125,0.10784912,0.95428467,-5.875,-0.09375,-1.828125
491,1695731809010,-0.52197266,0.14959717,0.97698975,-4.03125,7.359375,-3.0
492,1695731809048,-0.50756836,0.1762085,0.90448,-6.953125,-10.65625,1.1875
493,1695731809096,-0.59277344,0.17401123,0.9257202,-12.140625,-5.53125,2.8125
494,1695731809146,-0.51049805,0.16473389,0.95965576,-10.203125,4.09375,-1.796875
495,1695731809172,-0.48291016,0.2609253,1.0140991,4.515625,10.21875,-3.203125
496,1695731809234,-0.49291992,0.21942139,1.0492554,16.71875,9.234375,1.328125
497,1695731809248,-0.61694336,0.059020996,0.80511475,-0.078125,-13.796875,5.765625
498,1695731809286,-0.57470703,0.15325928,0.96673584,-5.796875,2.0,1.953125
499,1695731809335,-0.4975586,0.22454834,0.9723511,-6.90625,3.90625,-4.078125
500,1695731809374,-0.49243164,0.26141357,0.96698,4.984375,3.703125,-1.171875
501,1695731809409,-0.5686035,0.13568115,0.840271,1.625,-5.59375,5.609375
502,1695731809447,-0.6621094,0.14520264,0.9694214,-7.78125,-1.71875,2.0
503,1695731809487,-0.5275879,0.17889404,0.9562378,-9.546875,5.96875,-3.875
504,1695731809522,-0.49121094,0.23284912,0.977478,2.453125,6.5,-2.234375
505,1695731809559,-0.52319336,0.1749878,0.8925171,4.15625,-5.5,2.796875
506,1695731809625,-0.6386719,0.13250732,0.9364624,-7.296875,-1.640625,3.375
507,1695731809650,-0.51831055,0.18109131,0.97821045,-7.5,2.90625,-2.078125
508,1695731809687,-0.4946289,0.26727295,0.946228,0.4375,5.34375,-0.71875
509,1695731809722,-0.4885254,0.1762085,0.9411011,5.59375,1.140625,1.609375
510,1695731809761,-0.62890625,0.14788818,0.932312,-3.75,-7.375,3.078125
511,1695731809798,-0.5605469,0.18597412,0.9328003,-6.046875,1.734375,-0.171875
512,1695731809835,-0.48828125,0.2374878,0.9603882,-0.578125,3.1875,-2.84375
513,1695731809886,-0.5397949,0.21429443,0.916687,0.703125,-1.484375,-0.1875
514,1695731809922,-0.6020508,0.1671753,0.91937256,-2.515625,-3.453125,0.328125
515,1695731809959,-0.58813477,0.18060303,0.9164429,-3.984375,2.75,0.203125
516,1695731809998,-0.49780273,0.24432373,0.96673584,-1.140625,4.171875,-2.015625
517,1695731810047,-0.54833984,0.21551514,0.93084717,2.203125,0.125,1.203125
518,1695731810073,-0.5473633,0.17010498,0.9755249,5.390625,5.234375,0.8125
519,1695731810160,-0.5227051,0.21038818,1.0529175,22.515625,11.828125,2.78125
520,1695731810163,-0.49267578,0.14959717,1.0363159,40.90625,15.1875,0.828125
521,1695731810198,-0.517334,0.05706787,0.9332886,28.75,8.875,0.15625
522,1695731810235,-0.5161133,0.04534912,0.8822632,7.640625,-6.6875,-0.953125
523,1695731810274,-0.5263672,0.1251831,0.96868896,-4.03125,-8.703125,-3.640625
524,1695731810310,-0.51660156,0.10638428,0.96795654,5.25,0.734375,-1.375
525,1695731810347,-0.49487305,0.08685303,0.89178467,8.890625,7.484375,4.28125
526,1695731810398,-0.5358887,0.06976318,0.95843506,1.21875,-4.03125,3.4375
527,1695731810435,-0.5871582,-0.00030517578,0.9725952,-11.03125,-4.375,0.984375
528,1695731810485,-0.51904297,0.06072998,1.0097046,-19.078125,10.359375,-3.96875
529,1695731810510,-0.55249023,0.15228271,0.97406006,-10.015625,10.703125,-3.0
530,1695731810548,-0.42504883,0.21014404,1.0292358,-0.484375,16.703125,-0.328125
531,1695731810585,-0.4650879,0.08709717,0.9696655,10.03125,-4.765625,2.546875
532,1695731810635,-0.5366211,0.007507324,0.96624756,-2.296875,-4.828125,2.03125
533,1695731810673,-0.49487305,0.047546387,1.0143433,-7.46875,-1.8125,-0.65625
534,1695731810713,-0.47192383,0.11419678,0.9779663,3.703125,11.53125,-1.140625
535,1695731810747,-0.43554688,0.13470459,0.99505615,13.796875,13.234375,2.328125
536,1695731810786,-0.47216797,0.06707764,0.9281616,1.796875,-6.140625,3.828125
537,1695731810822,-0.53759766,0.0018920898,0.98480225,-22.1875,-10.625,1.34375
538,1695731810861,-0.51293945,0.1984253,0.980896,-22.625,-6.875,-7.21875
539,1695731810910,-0.6040039,0.230896,0.9545288,-6.5,8.0625,-5.859375
540,1695731810948,-0.38305664,0.17694092,1.064148,7.3125,16.984375,-2.8125
541,1695731810986,-0.5439453,0.11419678,0.91937256,4.09375,-11.46875,4.9375
542,1695731811025,-0.5534668,0.06561279,0.979187,-9.875,-14.265625,-1.140625
543,1695731811059,-0.5136719,0.06048584,1.0004272,-5.28125,-2.96875,0.8125
544,1695731811098,-0.46289062,0.16668701,0.9696655,-1.03125,13.6875,-2.15625
545,1695731811136,-0.4099121,0.21209717,0.982605,11.359375,7.875,4.046875
546,1695731811185,-0.51000977,0.13421631,0.9887085,4.03125,-5.8125,6.171875
547,1695731811223,-0.6220703,0.097839355,1.0038452,-8.53125,-15.140625,0.953125
548,1695731811260,-0.5148926,0.12982178,0.9489136,-9.234375,-3.875,-2.5
549,1695731811298,-0.4892578,0.20965576,0.9828491,-3.390625,4.640625,-3.015625
550,1695731811336,-0.4934082,0.1876831,0.9540405,0.28125,-0.828125,0.546875
551,1695731811374,-0.61865234,0.10443115,0.9118042,-6.265625,-10.5625,2.1875
552,1695731811423,-0.5883789,0.105163574,0.96258545,-6.125,-1.265625,-0.953125
553,1695731811460,-0.49145508,0.14788818,0.9677124,-4.78125,3.953125,-2.25
554,1695731811498,-0.484375,0.24847412,0.95843506,2.359375,0.484375,-1.28125
555,1695731811544,-0.53881836,0.16986084,0.93255615,0.8125,-2.453125,4.125
556,1695731811571,-0.5998535,0.12005615,0.9598999,-3.921875,-5.453125,1.15625
557,1695731811611,-0.5024414,0.1593628,0.9701538,-1.609375,4.015625,-3.140625
558,1695731811649,-0.5144043,0.21136475,0.94036865,0.796875,-1.328125,-0.1875
559,1695731811697,-0.57177734,0.17425537,0.9352417,-1.609375,-2.53125,1.6875
560,1695731811734,-0.6015625,0.13397217,0.9413452,-4.25,-5.1875,1.609375
561,1695731811771,-0.5383301,0.17938232,0.9467163,-5.140625,2.28125,-4.015625
562,1695731811810,-0.5449219,0.22015381,0.9418335,-0.640625,1.484375,-1.078125
563,1695731811847,-0.54248047,0.21185303,0.930603,0.8125,-0.296875,0.578125
564,1695731811886,-0.5822754,0.16497803,0.9957886,5.28125,1.953125,0.15625
565,1695731811935,-0.5275879,0.18841553,0.9345093,10.171875,6.578125,-0.34375
566,1695731811986,-0.5383301,0.16497803,1.0036011,24.734375,11.234375,1.359375
567,1695731812012,-0.5847168,0.0758667,1.0446167,37.875,16.34375,6.9375
568,1695731812055,-0.5830078,-0.015197754,0.9281616,26.140625,12.09375,5.890625
569,1695731812085,-0.5163574,0.049987793,0.92767334,15.125,7.921875,-2.109375
570,1695731812122,-0.4560547,0.09686279,0.9220581,11.4375,4.421875,-3.5
571,1695731812160,-0.47045898,0.07342529,0.97772217,12.234375,5.34375,1.078125
572,1695731812211,-0.48339844,0.011657715,0.9735718,-0.3125,1.1875,1.359375
573,1695731812248,-0.56396484,-0.027404785,0.8822632,-10.546875,-24.78125,0.765625
574,1695731812285,-0.5979004,0.04559326,1.0609741,-33.515625,-20.0,-1.734375
575,1695731812323,-0.4033203,0.081726074,0.9557495,-16.34375,6.921875,-5.171875
576,1695731812360,-0.5727539,0.093688965,1.0223999,-6.375,10.4375,-3.75
577,1695731812398,-0.4399414,0.07562256,0.9677124,17.859375,14.21875,-0.375
578,1695731812434,-0.5119629,0.0079956055,1.0392456,13.28125,-0.21875,6.0625
579,1695731812485,-0.6220703,-0.015197754,0.93011475,-16.28125,-19.296875,1.375
580,1695731812523,-0.5600586,0.04510498,0.9821167,-15.90625,-7.15625,-3.671875
581,1695731812560,-0.46484375,0.121520996,0.920105,-10.828125,7.765625,-3.296875
582,1695731812599,-0.48120117,0.24212646,0.9660034,5.375,12.109375,-2.46875
583,1695731812635,-0.56469727,0.11810303,0.9286499,-6.796875,-9.65625,5.125
584,1695731812673,-0.6105957,0.05633545,0.9706421,-10.625,-14.734375,1.6875
585,1695731812721,-0.5969238,0.03314209,0.94403076,-9.015625,1.046875,-1.8125
586,1695731812758,-0.52856445,0.15985107,0.947937,-3.0625,4.328125,-2.6875
587,1695731812798,-0.5354004,0.15203857,0.94329834,2.828125,3.03125,3.90625
588,1695731812835,-0.5541992,0.09832764,0.96917725,0.84375,-1.25,2.8125
589,1695731812873,-0.5715332,0.09661865,0.99090576,4.609375,4.234375,2.265625
590,1695731812910,-0.49243164,0.11639404,0.9911499,21.671875,12.21875,2.828125
591,1695731812948,-0.44702148,0.062438965,0.90374756,5.421875,3.671875,-1.203125
592,1695731812998,-0.67578125,0.117370605,0.97039795,-6.046875,-10.84375,1.453125
593,1695731813035,-0.6308594,0.11126709,0.90545654,-21.5,-11.6875,-1.625
594,1695731813074,-0.4741211,0.07757568,0.93792725,0.9375,16.40625,-6.625
595,1695731813109,-0.5202637,0.0770874,1.0355835,23.609375,35.75,0.328125
596,1695731813148,-0.6364746,0.07928467,1.0358276,11.5625,9.40625,5.53125
597,1695731813185,-0.5131836,0.073913574,0.8866577,-5.546875,-10.09375,-2.765625
598,1695731813274,-0.45654297,0.078308105,1.0006714,8.09375,1.296875,1.640625
599,1695731813276,-0.47509766,0.09637451,0.93304443,-3.0,-5.8125,-0.125
600,1695731813310,-0.5390625,0.070495605,0.9279175,-12.0,-13.40625,-0.3125
601,1695731813347,-0.5456543,0.12005615,1.0368042,-25.03125,-20.875,-4.1875
602,1695731813385,-0.46679688,0.11053467,0.97772217,-16.0625,3.09375,-6.90625
603,1695731813424,-0.5395508,0.16595459,0.96624756,-1.484375,12.390625,-3.734375
604,1695731813461,-0.48608398,0.14349365,1.0128784,33.53125,27.453125,2.15625
605,1695731813510,-0.5666504,-0.010803223,0.9701538,15.625,1.25,13.03125
606,1695731813549,-0.6008301,0.032409668,0.94085693,-10.78125,-27.171875,1.796875
607,1695731813585,-0.52685547,0.04852295,0.97406006,-11.296875,-2.609375,-0.734375
608,1695731813623,-0.5048828,0.15545654,0.9677124,1.84375,16.25,-3.484375
609,1695731813660,-0.5053711,0.2062378,0.9838257,4.984375,5.765625,-0.53125
610,1695731813698,-0.6008301,0.08538818,0.9242554,-12.171875,-15.28125,4.828125
611,1695731813737,-0.5395508,0.045837402,0.963562,-8.234375,-5.796875,-0.859375
612,1695731813786,-0.5500488,0.08026123,0.9747925,-5.046875,5.921875,-2.96875
613,1695731813823,-0.48754883,0.13104248,0.95648193,4.609375,6.21875,-0.875
614,1695731813860,-0.560791,0.113464355,0.95306396,-4.828125,-3.5,4.234375
615,1695731813900,-0.5241699,0.093444824,0.9706421,-1.40625,-1.6875,1.234375
616,1695731813936,-0.5539551,0.12249756,0.9689331,0.328125,2.125,-0.03125
617,1695731813972,-0.52612305,0.14129639,0.95428467,3.25,2.921875,-1.109375
618,1695731814022,-0.5769043,0.10321045,0.96209717,-2.546875,-3.890625,1.171875
619,1695731814061,-0.5776367,0.09442139,0.9591675,-6.796875,-6.453125,-0.9375
620,1695731814098,-0.5270996,0.10687256,0.9594116,-6.109375,3.234375,-4.390625
621,1695731814134,-0.5500488,0.14276123,0.930603,-4.09375,0.171875,-2.890625
622,1695731814173,-0.6184082,0.15106201,0.92889404,-5.484375,-3.6875,1.078125
623,1695731814210,-0.54956055,0.11566162,0.92303467,-4.328125,-1.03125,-0.15625
624,1695731814249,-0.5805664,0.13787842,0.8986206,-9.859375,-6.4375,-1.59375
625,1695731814298,-0.56518555,0.16571045,0.949646,-6.453125,2.46875,-2.5
626,1695731814335,-0.54785156,0.1774292,0.95428467,1.0,6.484375,-0.21875
627,1695731814374,-0.5283203,0.15594482,0.9220581,2.875,-2.1875,1.25
628,1695731814411,-0.6496582,0.124694824,0.94866943,-6.09375,-2.0,2.40625
629,1695731814449,-0.51220703,0.12835693,0.94866943,-7.78125,2.59375,-2.140625
630,1695731814487,-0.53222656,0.25579834,0.9598999,-2.078125,6.046875,-2.046875
631,1695731814561,-0.5476074,0.23846436,0.91986084,8.609375,2.140625,1.125
632,1695731814576,-0.6142578,0.124938965,0.92303467,-1.59375,-2.921875,3.921875
633,1695731814611,-0.578125,0.13543701,0.9459839,-3.65625,2.921875,-1.328125
634,1695731814649,-0.51708984,0.20697021,0.96868896,0.109375,4.90625,-2.6875
635,1695731814686,-0.54174805,0.20111084,0.9359741,5.375,2.390625,0.71875
636,1695731814723,-0.5876465,0.13128662,0.9179077,3.734375,-2.03125,3.015625
637,1695731814760,-0.57836914,0.12860107,0.9520874,4.515625,2.25,1.734375
638,1695731814811,-0.5361328,0.17181396,0.9581909,3.484375,2.0625,-0.78125
639,1695731814851,-0.55078125,0.16033936,1.0790405,25.609375,10.921875,1.484375
640,1695731814885,-0.5708008,0.024108887,0.88397217,19.0,12.578125,6.390625
641,1695731814921,-0.5974121,0.101501465,0.9393921,10.625,6.5,1.171875
642,1695731814962,-0.49951172,0.061950684,0.9425659,9.609375,6.875,-1.140625
643,1695731814998,-0.4423828,0.11663818,0.9411011,9.40625,4.765625,0.28125
644,1695731815048,-0.501709,0.074401855,0.961853,-2.859375,0.28125,1.21875
645,1695731815085,-0.545166,0.031921387,0.9176636,-10.5625,-14.875,-0.296875
646,1695731815126,-0.58447266,0.08758545,1.0409546,-24.421875,-16.734375,-2.625
647,1695731815159,-0.46777344,0.14154053,0.95721436,-13.421875,6.140625,-5.390625
648,1695731815197,-0.5593262,0.16473389,1.0048218,4.390625,7.71875,-0.328125
649,1695731815235,-0.48120117,0.11834717,1.0057983,18.453125,10.03125,3.9375
650,1695731815273,-0.5522461,-0.03277588,0.90911865,5.265625,-3.828125,6.875
651,1695731815336,-0.60668945,0.030456543,0.9867554,-7.6875,-10.65625,2.609375
652,1695731815359,-0.5109863,0.08294678,0.94525146,-12.453125,3.453125,-2.734375
653,1695731815398,-0.53564453,0.18548584,0.9616089,-0.296875,10.96875,-1.15625
654,1695731815435,-0.47680664,0.1552124,0.9772339,10.90625,9.0,0.625
655,1695731815473,-0.6010742,0.08880615,0.9489136,-4.75,-8.265625,3.203125
656,1695731815510,-0.5683594,0.014831543,0.95111084,-14.28125,-10.296875,-0.875
657,1695731815549,-0.5283203,0.0836792,0.96551514,-7.921875,0.71875,-4.515625
658,1695731815599,-0.5090332,0.16595459,0.9718628,-2.28125,8.46875,-3.03125
659,1695731815647,-0.52075195,0.15496826,0.9779663,3.171875,-1.578125,0.890625
660,1695731815673,-0.56103516,0.05682373,0.89764404,-8.875,-7.296875,2.453125
661,1695731815710,-0.6008301,0.105651855,0.996521,-9.078125,-4.21875,-0.75
662,1695731815748,-0.5395508,0.14788818,0.9557495,-8.984375,2.984375,-3.453125
663,1695731815836,-0.48950195,0.20941162,0.99505615,3.46875,9.1875,-0.75
664,1695731815853,-0.5461426,0.13079834,0.8954468,4.0625,-5.5625,2.625
665,1695731815873,-0.60498047,0.1149292,0.9767456,-8.09375,0.234375,1.921875
666,1695731815910,-0.53515625,0.13153076,0.9862671,-4.28125,4.03125,-3.109375
667,1695731815948,-0.52075195,0.215271,0.9762573,6.171875,6.234375,-1.265625
668,1695731815985,-0.49658203,0.18157959,0.96990967,15.0625,1.34375,3.046875
669,1695731816022,-0.5527344,0.08148193,0.93792725,9.453125,-2.421875,4.640625
670,1695731816060,-0.5810547,0.055358887,0.9411011,3.5,0.21875,2.921875
671,1695731816111,-0.53808594,0.07904053,0.9525757,-3.484375,0.0,1.3125
672,1695731816148,-0.5439453,0.15716553,0.95892334,-5.75,-2.9375,-2.1875
673,1695731816184,-0.5480957,0.18426514,0.9833374,1.40625,6.8125,-0.625
674,1695731816221,-0.5161133,0.13372803,1.0595093,18.5625,15.671875,-0.609375
675,1695731816261,-0.58154297,0.062927246,1.0375366,27.5625,14.953125,-0.421875
676,1695731816297,-0.5319824,0.042663574,0.871521,13.875,2.46875,-2.359375
677,1695731816351,-0.4946289,0.042907715,0.9586792,6.34375,-4.078125,-2.734375
678,1695731816385,-0.50756836,0.03729248,0.9047241,-12.484375,-7.625,-3.15625
679,1695731816422,-0.48535156,0.06463623,0.95526123,-13.859375,3.234375,-3.140625
680,1695731816462,-0.5109863,0.109313965,0.9784546,-22.796875,-1.59375,-1.078125
681,1695731816501,-0.49682617,0.14984131,0.9994507,-18.71875,-5.265625,-6.046875
682,1695731816536,-0.5527344,0.152771,1.055603,-1.6875,3.71875,-1.375
683,1695731816573,-0.5107422,0.13201904,0.97210693,29.0625,7.578125,1.328125
684,1695731816623,-0.5407715,0.0004272461,0.8908081,4.609375,-2.703125,8.296875
685,1695731816665,-0.607666,0.051452637,1.0148315,1.8125,-7.40625,1.96875
686,1695731816697,-0.49975586,0.026062012,0.9425659,-6.296875,5.6875,0.96875
687,1695731816735,-0.51000977,0.13494873,0.9633179,1.90625,2.140625,0.046875
688,1695731816772,-0.5266113,0.14129639,0.95355225,-7.640625,-1.78125,0.40625
689,1695731816809,-0.60717773,0.113708496,1.0390015,-16.53125,-6.953125,-0.59375
690,1695731816847,-0.5253906,0.1461792,0.9215698,-12.015625,1.59375,-8.796875
691,1695731816897,-0.484375,0.12591553,0.96209717,-9.6875,9.796875,-3.703125
692,1695731816935,-0.5812988,0.14788818,0.87713623,-11.921875,-11.078125,1.5625
693,1695731816975,-0.65893555,0.11053467,0.90008545,-17.734375,-0.046875,4.1875
694,1695731817012,-0.5214844,0.11419678,0.9713745,-4.515625,5.15625,-1.546875
695,1695731817050,-0.4555664,0.21478271,1.0326538,6.75,10.15625,-2.03125
696,1695731817085,-0.5012207,0.15301514,0.871521,4.265625,3.765625,2.328125
697,1695731817135,-0.62719727,0.16326904,1.0267944,-4.046875,-6.234375,6.671875
698,1695731817173,-0.55981445,0.15496826,0.91937256,-8.796875,2.28125,0.21875
699,1695731817222,-0.40063477,0.21014404,1.0309448,0.09375,-2.375,-1.78125
700,1695731817246,-0.47705078,0.21331787,0.838562,-3.546875,-7.53125,1.9375
701,1695731817285,-0.63720703,0.1305542,0.98065186,-7.015625,-1.46875,-0.25
702,1695731817322,-0.57714844,0.16473389,0.9508667,-6.5625,-2.46875,-0.578125
703,1695731817361,-0.4489746,0.2267456,0.93621826,4.9375,6.0,1.03125
704,1695731817410,-0.51293945,0.1906128,0.92303467,10.46875,5.75,-0.890625
705,1695731817448,-0.6394043,0.11004639,0.95526123,-2.15625,-3.0,1.484375
706,1695731817486,-0.60913086,0.17694092,0.93743896,-5.625,-0.5,1.359375
707,1695731817523,-0.4555664,0.23553467,0.9784546,-1.34375,3.46875,0.234375
708,1695731817560,-0.53027344,0.22796631,0.91864014,3.84375,0.09375,-0.0625
709,1695731817598,-0.55200195,0.12786865,0.9376831,11.3125,4.109375,-0.375
710,1695731817649,-0.58154297,0.101501465,0.965271,8.671875,1.90625,1.609375
711,1695731817685,-0.5578613,0.12786865,0.947937,8.21875,2.75,2.9375
712,1695731817723,-0.47387695,0.16082764,0.9508667,5.390625,-2.125,2.625
713,1695731817760,-0.5246582,0.12298584,0.97332764,10.125,-8.546875,4.078125
714,1695731817797,-0.5366211,0.08514404,0.9845581,6.34375,-8.515625,-2.328125
715,1695731817835,-0.5749512,0.10223389,0.93255615,3.125,-2.1875,-0.53125
716,1695731817873,-0.59155273,0.11517334,0.90252686,-0.578125,-1.390625,1.359375
717,1695731817923,-0.61157227,0.14447021,0.92645264,-3.1875,-1.046875,-0.515625
718,1695731817962,-0.60180664,0.10467529,0.9393921,-0.59375,4.609375,-0.046875
719,1695731817998,-0.5632324,0.1071167,1.0133667,11.484375,11.625,-1.1875
720,1695731818048,-0.57299805,0.03363037,0.99627686,20.140625,21.53125,0.0
721,1695731818073,-0.5864258,0.06488037,0.8390503,-15.046875,-6.546875,-2.890625
722,1695731818110,-0.5473633,0.13519287,0.95062256,-5.671875,-7.09375,-7.28125
723,1695731818149,-0.4753418,0.10394287,0.888855,-8.609375,-2.09375,-3.359375
724,1695731818199,-0.55078125,0.17669678,0.97943115,-7.328125,-3.359375,-3.40625
725,1695731818235,-0.54956055,0.12615967,0.934021,-12.796875,4.34375,-3.0625
726,1695731818272,-0.5661621,0.13470459,0.9891968,-5.1875,-4.15625,-1.5
727,1695731818322,-0.5012207,0.11956787,0.99432373,1.46875,4.703125,-2.03125
728,1695731818349,-0.5107422,0.12615967,0.9442749,9.59375,15.828125,2.0625
729,1695731818385,-0.5554199,0.13470459,0.94281006,7.046875,-1.453125,6.5625
730,1695731818434,-0.5678711,0.1281128,0.9833374,-5.8125,-10.171875,0.796875
731,1695731818473,-0.5671387,0.15106201,0.9401245,-9.625,-0.5,-1.125
732,1695731818510,-0.515625,0.16693115,0.95770264,7.546875,15.328125,-3.15625
733,1695731818574,-0.5539551,0.13690186,0.94403076,21.546875,-3.234375,5.25
734,1695731818586,-0.52001953,0.04144287,0.91082764,8.046875,-4.859375,4.890625
735,1695731818625,-0.55371094,0.113464355,0.98065186,-4.375,-7.125,-1.0
736,1695731818663,-0.6430664,0.08514404,0.94403076,-3.171875,11.734375,0.5
737,1695731818712,-0.48583984,0.07684326,0.96868896,4.65625,6.96875,3.84375
738,1695731818748,-0.54296875,0.15325928,0.9723511,-2.609375,-6.90625,1.515625
739,1695731818785,-0.5488281,0.097351074,0.9694214,-7.859375,-6.890625,0.234375
740,1695731818822,-0.59472656,0.077819824,0.9281616,-8.015625,-1.265625,-1.484375
741,1695731818860,-0.4855957,0.16937256,0.9730835,4.1875,9.03125,-3.046875
742,1695731818899,-0.56640625,0.12738037,0.9647827,0.3125,-7.40625,2.515625
743,1695731818947,-0.6274414,0.07098389,0.9574585,-3.09375,-3.109375,-0.5
744,1695731818985,-0.5756836,0.051452637,0.9086304,-0.515625,7.03125,1.203125
745,1695731819025,-0.5102539,0.1552124,0.97943115,-1.84375,7.03125,-0.59375
746,1695731819061,-0.5024414,0.1539917,0.9489136,7.296875,5.5625,3.46875
747,1695731819099,-0.5854492,0.05316162,0.9672241,2.5625,-2.515625,6.234375
748,1695731819135,-0.6123047,0.06317139,0.9738159,-4.0,-1.78125,0.328125
749,1695731819174,-0.53515625,0.11248779,0.9696655,-2.40625,0.828125,-0.59375
750,1695731819224,-0.5498047,0.1461792,0.9286499,-3.4375,0.171875,0.21875
751,1695731819260,-0.52441406,0.12762451,0.9989624,2.390625,9.71875,-1.609375
752,1695731819301,-0.5539551,0.06536865,1.0368042,4.46875,5.59375,1.15625
753,1695731819336,-0.56396484,0.08538818,0.89959717,4.328125,-2.375,1.484375
754,1695731819376,-0.48901367,0.042907715,0.96307373,5.28125,-5.640625,-2.484375
755,1695731819411,-0.52075195,0.06390381,0.87664795,0.5625,1.875,-0.453125
756,1695731819449,-0.6008301,0.0914917,0.8900757,-4.484375,-3.890625,2.09375
757,1695731819498,-0.61157227,0.13861084,0.9750366,-17.546875,-6.484375,1.796875
758,1695731819535,-0.5366211,0.15203857,0.9435425,-14.328125,-0.359375,-0.484375
759,1695731819574,-0.54248047,0.1408081,0.9525757,-9.765625,2.0625,-3.375
