,timestamp,accel_x,accel_y,accel_z,gyro_x,gyro_y,gyro_z,sensor_type,activity_type,activity_code,subject_id,notes,ind
0,1695813756749,1.5288086,-0.255188,-0.25567627,19.09375,20.625,11.59375,Respeck,Descending stairs,-1,s1862623,,0
1,1695813756785,1.9223633,-0.22174072,0.07757568,-4.75,1.28125,4.28125,Respeck,Descending stairs,-1,s1862623,,1
2,1695813756822,1.3674316,-0.30303955,0.13983154,-2.75,-9.984375,4.28125,Respeck,Descending stairs,-1,s1862623,,2
3,1695813756860,0.80981445,-0.30352783,-0.02960205,-12.203125,-2.015625,-10.46875,Respeck,Descending stairs,-1,s1862623,,3
4,1695813756911,0.71875,-0.23052979,0.02947998,-9.46875,1.734375,-4.53125,Respeck,Descending stairs,-1,s1862623,,4
5,1695813756948,0.9519043,-0.11968994,0.024353027,5.125,0.453125,-0.78125,Respeck,Descending stairs,-1,s1862623,,5
6,1695813756985,0.7871094,-0.101867676,0.08782959,-7.96875,-6.0,-10.65625,Respeck,Descending stairs,-1,s1862623,,6
7,1695813757026,0.7038574,-0.14556885,0.024353027,4.328125,-7.15625,-1.359375,Respeck,Descending stairs,-1,s1862623,,7
8,1695813757061,0.63916016,-0.19049072,0.0119018555,-1.59375,-8.84375,9.75,Respeck,Descending stairs,-1,s1862623,,8
9,1695813757098,0.576416,-0.14898682,0.12030029,4.484375,-0.921875,4.625,Respeck,Descending stairs,-1,s1862623,,9
10,1695813757161,0.70288086,-0.22467041,0.090026855,3.875,-2.6875,6.9375,Respeck,Descending stairs,-1,s1862623,,10
11,1695813757185,0.89819336,-0.39190674,-0.016662598,-0.8125,-12.1875,-2.171875,Respeck,Descending stairs,-1,s1862623,,11
12,1695813757223,0.7685547,-0.31549072,0.10296631,-2.671875,-8.46875,-0.375,Respeck,Descending stairs,-1,s1862623,,12
13,1695813757261,0.72802734,-0.15509033,-0.014953613,-20.046875,-12.890625,-1.3125,Respeck,Descending stairs,-1,s1862623,,13
14,1695813757300,0.67211914,0.07928467,-0.023254395,12.234375,9.953125,-16.0,Respeck,Descending stairs,-1,s1862623,,14
15,1695813757351,1.2094727,0.4244995,0.18450928,43.234375,50.5,9.46875,Respeck,Descending stairs,-1,s1862623,,15
16,1695813757385,1.999939,-0.39093018,-0.16973877,23.15625,-0.953125,23.25,Respeck,Descending stairs,-1,s1862623,,16
17,1695813757423,1.5290527,-0.6802368,0.07611084,-33.640625,-22.0625,16.9375,Respeck,Descending stairs,-1,s1862623,,17
18,1695813757462,0.93408203,-0.031799316,-0.34454346,-7.4375,-20.84375,-32.8125,Respeck,Descending stairs,-1,s1862623,,18
19,1695813757499,0.7739258,0.16375732,0.3390503,-39.25,8.890625,-3.90625,Respeck,Descending stairs,-1,s1862623,,19
20,1695813757536,0.73950195,0.08709717,0.19989014,8.671875,-2.0625,16.359375,Respeck,Descending stairs,-1,s1862623,,20
21,1695813757599,0.39770508,-0.10040283,0.14886475,-19.3125,-17.171875,15.046875,Respeck,Descending stairs,-1,s1862623,,21
22,1695813757624,0.34228516,-0.21246338,0.06976318,-19.484375,-6.9375,-15.46875,Respeck,Descending stairs,-1,s1862623,,22
23,1695813757664,0.7192383,-0.113586426,-0.047912598,-14.65625,29.15625,-16.484375,Respeck,Descending stairs,-1,s1862623,,23
24,1695813757699,1.1950684,0.11444092,0.14691162,19.421875,-16.515625,-10.1875,Respeck,Descending stairs,-1,s1862623,,24
25,1695813757737,1.199707,0.06512451,0.2699585,4.046875,-4.640625,-9.453125,Respeck,Descending stairs,-1,s1862623,,25
26,1695813757773,0.6472168,-0.37652588,0.18450928,-21.34375,-2.03125,3.21875,Respeck,Descending stairs,-1,s1862623,,26
27,1695813757849,0.8029785,-0.09454346,-0.04840088,41.953125,-1.140625,-4.859375,Respeck,Descending stairs,-1,s1862623,,27
28,1695813757862,1.3837891,0.01751709,-0.20172119,16.21875,38.65625,10.984375,Respeck,Descending stairs,-1,s1862623,,28
29,1695813757898,1.4755859,-0.19000244,-0.02154541,-2.5625,2.453125,25.171875,Respeck,Descending stairs,-1,s1862623,,29
30,1695813757937,1.6809082,-0.46905518,-0.25421143,21.96875,13.578125,4.296875,Respeck,Descending stairs,-1,s1862623,,30
31,1695813757974,1.3676758,-0.15093994,0.04510498,-13.28125,-10.59375,-4.390625,Respeck,Descending stairs,-1,s1862623,,31
32,1695813758013,0.9914551,-0.19073486,0.24603271,-25.34375,-1.984375,15.40625,Respeck,Descending stairs,-1,s1862623,,32
33,1695813758062,0.60913086,-0.270813,-0.05987549,-5.890625,-9.03125,13.234375,Respeck,Descending stairs,-1,s1862623,,33
34,1695813758099,0.42578125,-0.2107544,-0.13189697,-0.46875,-12.25,-11.046875,Respeck,Descending stairs,-1,s1862623,,34
35,1695813758144,0.58862305,-0.042785645,-0.022277832,4.0,18.390625,0.84375,Respeck,Descending stairs,-1,s1862623,,35
36,1695813758173,0.70043945,0.14886475,0.14031982,-2.015625,-3.46875,13.5625,Respeck,Descending stairs,-1,s1862623,,36
37,1695813758212,0.60717773,-0.18560791,0.022644043,22.421875,-8.140625,21.234375,Respeck,Descending stairs,-1,s1862623,,37
38,1695813758301,0.81884766,-0.2991333,-0.1531372,13.84375,2.21875,9.53125,Respeck,Descending stairs,-1,s1862623,,38
39,1695813758304,0.83740234,-0.28179932,-0.002746582,-7.328125,-14.796875,-12.75,Respeck,Descending stairs,-1,s1862623,,39
40,1695813758338,0.69799805,-0.14019775,-0.15679932,-11.421875,-8.171875,-13.609375,Respeck,Descending stairs,-1,s1862623,,40
41,1695813758373,0.8942871,0.37420654,0.24481201,6.359375,5.03125,-9.640625,Respeck,Descending stairs,-1,s1862623,,41
42,1695813758413,1.999939,0.46624756,-0.2185669,24.0,3.3125,5.453125,Respeck,Descending stairs,-1,s1862623,,42
43,1695813758449,1.8674316,-0.16485596,0.37860107,-12.6875,-13.34375,3.5,Respeck,Descending stairs,-1,s1862623,,43
44,1695813758486,1.0227051,-0.48443604,-0.15704346,-15.078125,-6.0,-32.4375,Respeck,Descending stairs,-1,s1862623,,44
45,1695813758537,0.71240234,-0.16412354,0.13665771,-9.46875,11.109375,-11.5625,Respeck,Descending stairs,-1,s1862623,,45
46,1695813758578,1.015625,0.40472412,0.31414795,13.578125,-3.109375,22.421875,Respeck,Descending stairs,-1,s1862623,,46
47,1695813758612,0.9223633,0.07196045,0.2501831,-10.09375,-8.265625,20.765625,Respeck,Descending stairs,-1,s1862623,,47
48,1695813758650,0.37963867,-0.44610596,-0.020080566,-11.5,-11.59375,-23.171875,Respeck,Descending stairs,-1,s1862623,,48
49,1695813758687,0.14111328,-0.32720947,-0.0029907227,-20.28125,21.53125,-29.546875,Respeck,Descending stairs,-1,s1862623,,49
50,1695813758725,0.515625,0.109069824,0.1083374,-3.515625,1.9375,-8.46875,Respeck,Descending stairs,-1,s1862623,,50
51,1695813758778,1.2890625,0.34051514,0.2843628,18.8125,-2.5,8.953125,Respeck,Descending stairs,-1,s1862623,,51
52,1695813758810,1.3251953,-0.22467041,0.23602295,-26.75,21.171875,-0.96875,Respeck,Descending stairs,-1,s1862623,,52
53,1695813758848,0.79174805,-0.39605713,-0.21514893,5.390625,-11.90625,-14.78125,Respeck,Descending stairs,-1,s1862623,,53
54,1695813758886,0.65283203,-0.23028564,-0.19805908,-3.71875,14.515625,10.25,Respeck,Descending stairs,-1,s1862623,,54
55,1695813758924,1.7341309,0.27191162,0.053894043,27.53125,0.3125,38.6875,Respeck,Descending stairs,-1,s1862623,,55
56,1695813758962,1.8051758,-0.3118286,0.04949951,-15.203125,19.59375,0.0,Respeck,Descending stairs,-1,s1862623,,56
57,1695813759012,1.0419922,-0.2612915,0.109313965,-21.265625,-29.234375,4.734375,Respeck,Descending stairs,-1,s1862623,,57
58,1695813759049,0.77734375,-0.23321533,0.11077881,-0.078125,2.28125,-1.671875,Respeck,Descending stairs,-1,s1862623,,58
59,1695813759087,0.73706055,-0.15631104,0.035827637,-16.34375,-15.390625,1.296875,Respeck,Descending stairs,-1,s1862623,,59
60,1695813759125,0.72875977,-0.09136963,-0.070373535,2.25,7.75,8.296875,Respeck,Descending stairs,-1,s1862623,,60
61,1695813759164,0.67163086,-0.108947754,0.0060424805,-10.0625,8.953125,-1.5625,Respeck,Descending stairs,-1,s1862623,,61
62,1695813759198,0.7089844,-0.07940674,0.12322998,16.25,-2.34375,-3.171875,Respeck,Descending stairs,-1,s1862623,,62
63,1695813759248,0.86865234,-0.302063,-0.051574707,8.921875,-14.578125,10.25,Respeck,Descending stairs,-1,s1862623,,63
64,1695813759285,0.74316406,-0.19561768,-0.050842285,3.109375,-13.765625,-3.859375,Respeck,Descending stairs,-1,s1862623,,64
65,1695813759323,0.579834,-0.1026001,0.022155762,-8.015625,-1.609375,-9.4375,Respeck,Descending stairs,-1,s1862623,,65
66,1695813759360,0.65234375,0.070007324,-0.09942627,14.4375,15.703125,0.171875,Respeck,Descending stairs,-1,s1862623,,66
67,1695813759398,1.7229004,0.49505615,0.11810303,38.328125,24.90625,8.34375,Respeck,Descending stairs,-1,s1862623,,67
68,1695813759435,1.9343262,-0.08917236,0.089538574,-9.453125,2.546875,14.6875,Respeck,Descending stairs,-1,s1862623,,68
69,1695813759486,1.3774414,-0.4463501,-0.1296997,3.078125,-19.421875,-5.75,Respeck,Descending stairs,-1,s1862623,,69
70,1695813759523,0.9682617,-0.12432861,0.012145996,5.15625,14.390625,-21.40625,Respeck,Descending stairs,-1,s1862623,,70
71,1695813759561,0.8679199,0.26971436,0.18157959,0.46875,3.265625,-1.15625,Respeck,Descending stairs,-1,s1862623,,71
72,1695813759599,0.79052734,0.16278076,0.16278076,22.703125,-12.421875,18.640625,Respeck,Descending stairs,-1,s1862623,,72
73,1695813759636,0.61694336,-0.23809814,0.05218506,8.8125,0.546875,5.53125,Respeck,Descending stairs,-1,s1862623,,73
74,1695813759674,0.84643555,-0.4307251,-0.044006348,6.75,0.140625,-25.03125,Respeck,Descending stairs,-1,s1862623,,74
75,1695813759723,0.8449707,-0.049865723,0.13275146,-24.5,-1.375,-15.984375,Respeck,Descending stairs,-1,s1862623,,75
76,1695813759760,0.7841797,0.1864624,0.101257324,0.296875,-4.5,-11.921875,Respeck,Descending stairs,-1,s1862623,,76
77,1695813759798,0.89501953,0.22235107,0.09051514,14.609375,1.015625,-2.890625,Respeck,Descending stairs,-1,s1862623,,77
78,1695813759836,0.9304199,-0.16143799,-0.016174316,21.765625,-0.34375,10.484375,Respeck,Descending stairs,-1,s1862623,,78
79,1695813759873,1.0090332,-0.2678833,-0.3171997,-0.015625,11.0,2.734375,Respeck,Descending stairs,-1,s1862623,,79
80,1695813759912,1.0910645,-0.031311035,0.18450928,3.8125,5.390625,12.9375,Respeck,Descending stairs,-1,s1862623,,80
81,1695813759963,1.999939,-0.35406494,-0.49005127,3.03125,3.109375,21.84375,Respeck,Descending stairs,-1,s1862623,,81
82,1695813760000,1.6433105,-0.20733643,0.14520264,8.703125,-22.8125,7.40625,Respeck,Descending stairs,-1,s1862623,,82
83,1695813760036,0.8286133,0.19891357,0.152771,-23.21875,-23.078125,-0.125,Respeck,Descending stairs,-1,s1862623,,83
84,1695813760074,-0.036621094,-0.054504395,0.06390381,11.21875,5.78125,9.890625,Respeck,Descending stairs,-1,s1862623,,84
85,1695813760112,0.20166016,-0.3916626,0.14007568,5.46875,-18.390625,2.359375,Respeck,Descending stairs,-1,s1862623,,85
86,1695813760150,0.8601074,-0.30230713,-0.17803955,12.359375,7.78125,10.21875,Respeck,Descending stairs,-1,s1862623,,86
87,1695813760198,1.2683105,0.18963623,0.109802246,7.015625,-3.96875,-9.46875,Respeck,Descending stairs,-1,s1862623,,87
88,1695813760236,0.7624512,0.03704834,0.0026245117,14.96875,-6.734375,11.953125,Respeck,Descending stairs,-1,s1862623,,88
89,1695813760272,0.46069336,-0.07550049,0.046569824,9.9375,-21.625,6.78125,Respeck,Descending stairs,-1,s1862623,,89
90,1695813761537,0.85961914,0.0758667,0.18133545,24.875,-2.8125,2.953125,Respeck,Descending stairs,-1,s1862623,,121
91,1695813761587,0.7878418,0.19281006,0.16033936,6.734375,-1.09375,17.453125,Respeck,Descending stairs,-1,s1862623,,122
92,1695813761625,0.736084,-0.14385986,0.10858154,10.90625,5.59375,5.78125,Respeck,Descending stairs,-1,s1862623,,123
93,1695813761662,0.59594727,-0.2810669,0.09173584,-8.046875,2.640625,1.296875,Respeck,Descending stairs,-1,s1862623,,124
94,1695813761700,0.75,-0.10089111,0.12298584,-12.828125,0.796875,4.40625,Respeck,Descending stairs,-1,s1862623,,125
95,1695813761737,0.986084,-0.049865723,0.13006592,-27.5625,-14.1875,-11.96875,Respeck,Descending stairs,-1,s1862623,,126
96,1695813761774,0.83251953,0.01776123,0.10760498,-32.625,-17.5625,-16.0,Respeck,Descending stairs,-1,s1862623,,127
97,1695813761862,0.67871094,0.058776855,0.13250732,-26.109375,-7.078125,-14.796875,Respeck,Descending stairs,-1,s1862623,,128
98,1695813761864,0.58203125,0.2526245,0.2633667,-11.96875,18.34375,3.40625,Respeck,Descending stairs,-1,s1862623,,129
99,1695813761900,0.65844727,-0.01373291,0.1408081,10.0,12.453125,3.0625,Respeck,Descending stairs,-1,s1862623,,130
100,1695813761937,0.9189453,-0.25054932,0.012878418,5.984375,18.96875,-21.015625,Respeck,Descending stairs,-1,s1862623,,131
101,1695813761975,1.0900879,0.15081787,0.26287842,5.21875,3.234375,-4.453125,Respeck,Descending stairs,-1,s1862623,,132
102,1695813762013,1.1967773,0.28485107,0.2987671,3.5,-11.59375,5.953125,Respeck,Descending stairs,-1,s1862623,,133
103,1695813762066,0.9868164,-0.16339111,-0.1729126,13.390625,4.90625,3.328125,Respeck,Descending stairs,-1,s1862623,,134
104,1695813762110,0.9963379,-0.36968994,-0.16973877,3.015625,7.828125,-4.09375,Respeck,Descending stairs,-1,s1862623,,135
105,1695813762136,1.6347656,-0.0178833,-0.020324707,16.6875,17.765625,10.125,Respeck,Descending stairs,-1,s1862623,,136
106,1695813762177,1.6772461,0.0836792,0.101257324,25.890625,15.609375,3.015625,Respeck,Descending stairs,-1,s1862623,,137
107,1695813762211,1.2385254,-0.33673096,0.11248779,1.703125,-13.734375,-1.03125,Respeck,Descending stairs,-1,s1862623,,138
108,1695813762249,0.74316406,-0.33966064,-0.074279785,0.71875,-32.875,3.796875,Respeck,Descending stairs,-1,s1862623,,139
109,1695813762301,0.48266602,-0.054260254,-0.0869751,2.15625,-8.859375,4.9375,Respeck,Descending stairs,-1,s1862623,,140
110,1695813762335,0.7312012,0.15618896,0.07904053,16.9375,15.53125,2.171875,Respeck,Descending stairs,-1,s1862623,,141
111,1695813762374,0.8178711,0.12982178,0.17596436,14.53125,-0.203125,6.59375,Respeck,Descending stairs,-1,s1862623,,142
112,1695813762411,0.6003418,-0.2703247,-0.014465332,10.125,-3.875,16.09375,Respeck,Descending stairs,-1,s1862623,,143
113,1695813762448,0.5571289,-0.45758057,-0.008361816,15.71875,-6.25,4.84375,Respeck,Descending stairs,-1,s1862623,,144
114,1695813762486,0.8515625,-0.2642212,-0.11456299,2.015625,3.890625,-16.765625,Respeck,Descending stairs,-1,s1862623,,145
115,1695813762537,1.0166016,-0.04058838,0.105407715,-22.046875,3.78125,-17.875,Respeck,Descending stairs,-1,s1862623,,146
116,1695813762572,0.6767578,0.08660889,0.021911621,-10.8125,15.765625,-0.546875,Respeck,Descending stairs,-1,s1862623,,147
117,1695813762614,1.0771484,0.12713623,0.09124756,24.625,27.421875,10.65625,Respeck,Descending stairs,-1,s1862623,,148
118,1695813762650,1.999939,-0.21905518,-0.36553955,2.703125,2.9375,-17.609375,Respeck,Descending stairs,-1,s1862623,,149
119,1695813763913,0.5969238,0.14349365,0.1918335,10.515625,-1.3125,-18.1875,Respeck,Descending stairs,-1,s1862623,,181
120,1695813763961,0.7404785,0.03656006,0.2518921,12.5625,-1.09375,-16.40625,Respeck,Descending stairs,-1,s1862623,,182
121,1695813763999,0.8930664,-0.030090332,0.09686279,21.75,-11.078125,-10.703125,Respeck,Descending stairs,-1,s1862623,,183
122,1695813764035,1.0256348,-0.08721924,0.23260498,26.40625,-1.328125,-0.546875,Respeck,Descending stairs,-1,s1862623,,184
123,1695813764073,1.2060547,-0.23809814,0.06341553,58.734375,-20.015625,-12.640625,Respeck,Descending stairs,-1,s1862623,,185
124,1695813764111,1.2839355,-0.2949829,-0.32989502,32.4375,4.03125,-16.1875,Respeck,Descending stairs,-1,s1862623,,186
125,1695813764149,1.0629883,0.105407715,-0.16168213,-18.125,10.859375,12.03125,Respeck,Descending stairs,-1,s1862623,,187
126,1695813764200,1.027832,-0.0869751,0.0026245117,10.34375,10.34375,15.859375,Respeck,Descending stairs,-1,s1862623,,188
127,1695813764241,0.9980469,-0.18780518,-0.15460205,47.390625,11.65625,-13.515625,Respeck,Descending stairs,-1,s1862623,,189
128,1695813764273,1.1791992,-0.0881958,-0.04083252,24.4375,2.890625,-1.375,Respeck,Descending stairs,-1,s1862623,,190
129,1695813764311,1.003418,-0.11602783,-0.06427002,16.34375,5.234375,11.34375,Respeck,Descending stairs,-1,s1862623,,191
130,1695813764351,0.6484375,-0.14483643,-0.097473145,28.703125,1.25,-1.890625,Respeck,Descending stairs,-1,s1862623,,192
131,1695813764387,0.767334,-0.21881104,-0.07183838,37.15625,-3.921875,-1.1875,Respeck,Descending stairs,-1,s1862623,,193
132,1695813764437,1.0754395,-0.190979,-0.049621582,36.65625,-9.578125,1.046875,Respeck,Descending stairs,-1,s1862623,,194
133,1695813764474,0.9863281,-0.12530518,-0.05987549,28.578125,-9.9375,1.078125,Respeck,Descending stairs,-1,s1862623,,195
134,1695813764510,0.7104492,-0.15216064,0.042419434,17.875,-14.609375,6.453125,Respeck,Descending stairs,-1,s1862623,,196
135,1695813764549,0.7788086,-0.20709229,0.0048217773,29.546875,-9.21875,9.03125,Respeck,Descending stairs,-1,s1862623,,197
136,1695813764598,0.8173828,-0.18585205,-0.10797119,30.359375,-12.15625,6.765625,Respeck,Descending stairs,-1,s1862623,,198
137,1695813764637,0.56811523,-0.13189697,-0.005432129,9.09375,-12.890625,14.234375,Respeck,Descending stairs,-1,s1862623,,199
138,1695813764674,0.47192383,-0.24908447,0.047058105,11.15625,-14.65625,13.671875,Respeck,Descending stairs,-1,s1862623,,200
139,1695813764711,0.70825195,-0.28497314,-0.0413208,4.75,-8.421875,-4.703125,Respeck,Descending stairs,-1,s1862623,,201
140,1695813764748,0.7780762,-0.17047119,-0.09552002,9.359375,-12.265625,-14.75,Respeck,Descending stairs,-1,s1862623,,202
141,1695813764788,0.7260742,0.17791748,-0.10601807,10.0,13.515625,7.5,Respeck,Descending stairs,-1,s1862623,,203
142,1695813764824,1.184082,0.42425537,0.2880249,8.578125,15.96875,21.75,Respeck,Descending stairs,-1,s1862623,,204
143,1695813764873,1.999939,-0.24029541,-0.5828247,31.546875,-11.4375,-23.34375,Respeck,Descending stairs,-1,s1862623,,205
144,1695813764911,1.5993652,-0.35528564,0.36883545,-35.578125,-13.796875,10.71875,Respeck,Descending stairs,-1,s1862623,,206
145,1695813764950,0.87768555,-0.016906738,-0.013977051,-1.03125,-11.578125,-20.078125,Respeck,Descending stairs,-1,s1862623,,207
146,1695813764987,0.42895508,0.043640137,0.08782959,11.046875,-5.078125,-5.140625,Respeck,Descending stairs,-1,s1862623,,208
147,1695813765025,0.60961914,0.027038574,0.19720459,3.546875,9.546875,18.84375,Respeck,Descending stairs,-1,s1862623,,209
148,1695813765064,0.78466797,-0.11529541,0.053649902,2.015625,-6.953125,6.171875,Respeck,Descending stairs,-1,s1862623,,210
149,1695813765112,0.7922363,-0.18804932,0.12738037,-8.5,-4.015625,-20.53125,Respeck,Descending stairs,-1,s1862623,,211
150,1695813765149,0.57006836,-0.06744385,0.048034668,-9.75,3.09375,-21.71875,Respeck,Descending stairs,-1,s1862623,,212
151,1695813765187,0.49682617,0.08685303,0.18011475,-0.953125,1.046875,-4.765625,Respeck,Descending stairs,-1,s1862623,,213
152,1695813765226,1.0114746,0.19476318,0.06903076,12.671875,3.046875,6.390625,Respeck,Descending stairs,-1,s1862623,,214
153,1695813765264,1.1000977,-0.3731079,-0.42266846,14.3125,19.671875,10.890625,Respeck,Descending stairs,-1,s1862623,,215
154,1695813765299,1.2971191,-0.2962036,-0.28424072,10.96875,24.71875,18.03125,Respeck,Descending stairs,-1,s1862623,,216
155,1695813765349,1.999939,0.14105225,0.10076904,15.34375,32.796875,7.046875,Respeck,Descending stairs,-1,s1862623,,217
156,1695813765386,1.3439941,-0.28326416,-0.04864502,-12.609375,-29.75,10.828125,Respeck,Descending stairs,-1,s1862623,,218
157,1695813765425,0.8166504,-0.48760986,-0.13409424,-7.0625,-32.46875,6.546875,Respeck,Descending stairs,-1,s1862623,,219
158,1695813765463,0.6296387,-0.2805786,-0.035461426,-20.171875,-10.90625,-9.75,Respeck,Descending stairs,-1,s1862623,,220
159,1695813765501,0.84814453,-0.11431885,-0.062072754,-5.75,-5.84375,-14.59375,Respeck,Descending stairs,-1,s1862623,,221
160,1695813765625,0.8640137,0.07269287,-0.03302002,-10.078125,-18.328125,-8.375,Respeck,Descending stairs,-1,s1862623,,222
161,1695813765627,0.73217773,0.08319092,0.12322998,-7.5625,-8.984375,16.203125,Respeck,Descending stairs,-1,s1862623,,223
162,1695813765629,0.41259766,-0.31524658,-0.08721924,-12.28125,-11.578125,9.453125,Respeck,Descending stairs,-1,s1862623,,224
163,1695813765660,0.14868164,-0.35968018,-0.074035645,-9.421875,-5.9375,-15.015625,Respeck,Descending stairs,-1,s1862623,,225
164,1695813765699,0.5270996,0.06121826,-0.17047119,17.390625,16.375,-8.40625,Respeck,Descending stairs,-1,s1862623,,226
165,1695813765735,1.8085938,0.83148193,0.03338623,18.984375,36.640625,12.5,Respeck,Descending stairs,-1,s1862623,,227
166,1695813765774,1.8925781,0.066833496,0.24627686,7.515625,11.78125,14.671875,Respeck,Descending stairs,-1,s1862623,,228
167,1695813765825,1.7285156,-0.58380127,-0.21221924,-19.421875,-12.328125,-11.296875,Respeck,Descending stairs,-1,s1862623,,229
168,1695813765865,1.1203613,0.022888184,0.12322998,-20.4375,-6.796875,-12.859375,Respeck,Descending stairs,-1,s1862623,,230
169,1695813765899,1.0437012,0.19281006,0.07293701,13.75,-7.4375,-3.09375,Respeck,Descending stairs,-1,s1862623,,231
170,1695813765936,0.8696289,0.08709717,0.20355225,-2.984375,-4.515625,5.21875,Respeck,Descending stairs,-1,s1862623,,232
171,1695813765974,0.6604004,-0.23760986,0.055847168,-2.53125,2.53125,-1.421875,Respeck,Descending stairs,-1,s1862623,,233
172,1695813766012,0.59106445,-0.16485596,0.015808105,-3.78125,-0.796875,-19.171875,Respeck,Descending stairs,-1,s1862623,,234
173,1695813766061,0.8659668,-0.019836426,0.17694092,-4.09375,5.75,-11.828125,Respeck,Descending stairs,-1,s1862623,,235
174,1695813766099,0.7480469,0.02532959,0.09954834,-10.421875,-6.625,-17.953125,Respeck,Descending stairs,-1,s1862623,,236
175,1695813766137,0.53344727,-0.0076293945,0.11248779,-4.359375,-6.0625,-9.71875,Respeck,Descending stairs,-1,s1862623,,237
176,1695813766186,0.78808594,-0.13433838,-0.06549072,18.578125,-4.328125,0.40625,Respeck,Descending stairs,-1,s1862623,,238
177,1695813766212,1.1696777,-0.10357666,-0.29449463,7.890625,8.515625,4.28125,Respeck,Descending stairs,-1,s1862623,,239
178,1695813766249,1.3747559,-0.11480713,-0.04937744,-1.703125,24.6875,15.671875,Respeck,Descending stairs,-1,s1862623,,240
179,1695813766300,1.7084961,-0.5549927,-0.36309814,11.859375,33.84375,10.203125,Respeck,Descending stairs,-1,s1862623,,241
180,1695813766339,1.501709,-0.1272583,0.1083374,-21.125,-27.8125,-9.640625,Respeck,Descending stairs,-1,s1862623,,242
181,1695813766373,1.0620117,-0.29034424,0.09637451,-4.4375,4.34375,2.734375,Respeck,Descending stairs,-1,s1862623,,243
182,1695813766412,0.9304199,-0.2341919,-0.038635254,-4.671875,-7.21875,6.1875,Respeck,Descending stairs,-1,s1862623,,244
183,1695813766449,0.91186523,-0.2432251,-0.03668213,1.515625,-15.34375,-1.546875,Respeck,Descending stairs,-1,s1862623,,245
184,1695813766487,0.7602539,-0.026184082,-0.08770752,5.53125,-10.8125,-1.890625,Respeck,Descending stairs,-1,s1862623,,246
185,1695813766537,0.6069336,-0.07281494,0.11248779,4.640625,-6.328125,-1.640625,Respeck,Descending stairs,-1,s1862623,,247
186,1695813766574,0.5661621,-0.20562744,0.11151123,5.296875,-14.21875,11.015625,Respeck,Descending stairs,-1,s1862623,,248
187,1695813766614,0.69018555,-0.25054932,-0.0569458,8.125,-5.03125,21.25,Respeck,Descending stairs,-1,s1862623,,249
188,1695813766660,0.8000488,-0.06744385,-0.011779785,17.6875,-8.265625,5.65625,Respeck,Descending stairs,-1,s1862623,,250
189,1695813766686,0.72265625,-0.17218018,0.113220215,-1.9375,-9.40625,1.859375,Respeck,Descending stairs,-1,s1862623,,251
190,1695813766725,0.70581055,-0.24932861,-0.06427002,0.890625,-10.9375,0.734375,Respeck,Descending stairs,-1,s1862623,,252
191,1695813766775,0.5341797,0.04486084,-0.11773682,11.75,0.34375,-0.890625,Respeck,Descending stairs,-1,s1862623,,253
192,1695813766812,0.88842773,0.2477417,0.19207764,-1.0625,26.96875,15.421875,Respeck,Descending stairs,-1,s1862623,,254
193,1695813766849,1.999939,0.35028076,-0.20074463,10.34375,-0.46875,-15.96875,Respeck,Descending stairs,-1,s1862623,,255
194,1695813766886,1.6850586,-0.3423462,0.21087646,-27.984375,-6.546875,11.125,Respeck,Descending stairs,-1,s1862623,,256
195,1695813766923,0.89282227,-0.19464111,0.051208496,9.25,-4.84375,-14.625,Respeck,Descending stairs,-1,s1862623,,257
196,1695813766961,1.0266113,-0.0713501,0.17547607,-6.359375,3.546875,-12.984375,Respeck,Descending stairs,-1,s1862623,,258
197,1695813767012,1.3259277,0.057556152,0.2020874,-1.640625,-6.421875,7.140625,Respeck,Descending stairs,-1,s1862623,,259
198,1695813767048,0.84277344,-0.10626221,0.18060303,-21.9375,-19.625,5.390625,Respeck,Descending stairs,-1,s1862623,,260
199,1695813767086,0.48608398,-0.18121338,0.042907715,-20.078125,-15.109375,-21.4375,Respeck,Descending stairs,-1,s1862623,,261
200,1695813767122,0.54248047,-0.050842285,0.13568115,-7.109375,-11.875,-16.828125,Respeck,Descending stairs,-1,s1862623,,262
201,1695813767162,0.75634766,0.010192871,0.15789795,-8.234375,5.828125,-13.5625,Respeck,Descending stairs,-1,s1862623,,263
202,1695813767199,0.6335449,-0.061584473,0.13739014,-13.796875,10.921875,-13.609375,Respeck,Descending stairs,-1,s1862623,,264
203,1695813767250,0.47485352,-0.117248535,0.12054443,-17.15625,13.171875,-6.203125,Respeck,Descending stairs,-1,s1862623,,265
204,1695813767301,0.58935547,-0.016906738,0.16204834,-1.53125,8.3125,0.546875,Respeck,Descending stairs,-1,s1862623,,266
205,1695813767329,1.1166992,0.010437012,0.199646,15.765625,14.25,-6.59375,Respeck,Descending stairs,-1,s1862623,,267
206,1695813767360,1.1689453,-0.21710205,0.022644043,-6.796875,11.78125,4.28125,Respeck,Descending stairs,-1,s1862623,,268
207,1695813767410,1.0014648,-0.3550415,-0.27520752,-8.53125,9.09375,15.296875,Respeck,Descending stairs,-1,s1862623,,269
208,1695813767436,1.5080566,0.06585693,-0.25689697,11.609375,8.75,2.546875,Respeck,Descending stairs,-1,s1862623,,270
209,1695813767486,1.8549805,-0.18023682,-0.024230957,9.453125,40.515625,13.765625,Respeck,Descending stairs,-1,s1862623,,271
210,1695813767526,1.4262695,-0.23028564,0.10076904,-2.40625,-15.796875,4.59375,Respeck,Descending stairs,-1,s1862623,,272
211,1695813767561,0.9819336,-0.59698486,0.04144287,-7.328125,-7.609375,-5.453125,Respeck,Descending stairs,-1,s1862623,,273
212,1695813767602,0.8400879,-0.22930908,-0.030334473,-15.953125,-11.390625,1.296875,Respeck,Descending stairs,-1,s1862623,,274
213,1695813767635,0.91259766,-0.06085205,-0.008361816,-12.09375,-10.359375,1.03125,Respeck,Descending stairs,-1,s1862623,,275
214,1695813767686,0.5983887,-0.06817627,-0.15460205,1.40625,-4.953125,-0.671875,Respeck,Descending stairs,-1,s1862623,,276
215,1695813767723,0.5119629,-0.11138916,0.09173584,0.1875,-3.734375,1.8125,Respeck,Descending stairs,-1,s1862623,,277
216,1695813767761,0.69799805,-0.14849854,0.113708496,10.046875,-4.1875,10.734375,Respeck,Descending stairs,-1,s1862623,,278
217,1695813767798,0.842041,-0.21246338,-0.012512207,8.703125,-10.78125,12.484375,Respeck,Descending stairs,-1,s1862623,,279
218,1695813767836,0.7824707,-0.20269775,-0.09625244,17.21875,-5.921875,1.53125,Respeck,Descending stairs,-1,s1862623,,280
219,1695813767873,0.6906738,-0.15753174,0.078308105,-6.796875,-5.71875,-3.65625,Respeck,Descending stairs,-1,s1862623,,281
220,1695813767911,0.7126465,-0.19415283,0.023132324,15.1875,1.765625,-1.421875,Respeck,Descending stairs,-1,s1862623,,282
221,1695813767962,0.70214844,-0.08306885,-0.24395752,15.171875,6.109375,-6.953125,Respeck,Descending stairs,-1,s1862623,,283
222,1695813767999,1.1005859,0.32904053,0.26312256,22.75,24.40625,6.5625,Respeck,Descending stairs,-1,s1862623,,284
223,1695813768037,1.9433594,0.24212646,-0.020568848,41.390625,5.4375,10.03125,Respeck,Descending stairs,-1,s1862623,,285
224,1695813768074,1.8981934,-0.4307251,0.001159668,-2.984375,7.359375,-2.140625,Respeck,Descending stairs,-1,s1862623,,286
225,1695813768112,0.99731445,-0.17266846,0.051208496,-9.75,-24.65625,0.703125,Respeck,Descending stairs,-1,s1862623,,287
226,1695813768149,0.7553711,0.09661865,0.013366699,4.375,-7.125,-4.109375,Respeck,Descending stairs,-1,s1862623,,288
227,1695813768200,0.81640625,-0.035705566,0.17181396,10.703125,10.078125,-5.40625,Respeck,Descending stairs,-1,s1862623,,289
228,1695813768236,0.9772949,-0.061340332,0.17962646,2.203125,-14.71875,6.25,Respeck,Descending stairs,-1,s1862623,,290
229,1695813768273,0.7426758,-0.04815674,0.1329956,0.328125,-16.953125,-7.46875,Respeck,Descending stairs,-1,s1862623,,291
230,1695813768311,0.48950195,-0.21929932,0.113220215,-11.703125,3.296875,-24.65625,Respeck,Descending stairs,-1,s1862623,,292
231,1695813768350,0.4111328,-0.06890869,0.1383667,5.34375,1.65625,-17.515625,Respeck,Descending stairs,-1,s1862623,,293
232,1695813768401,0.8510742,0.12567139,0.19989014,21.09375,2.609375,-4.765625,Respeck,Descending stairs,-1,s1862623,,294
233,1695813768436,1.2521973,-0.0022583008,0.1083374,10.9375,-7.09375,-0.828125,Respeck,Descending stairs,-1,s1862623,,295
234,1695813768473,0.93481445,-0.28009033,-0.14385986,21.734375,4.40625,3.03125,Respeck,Descending stairs,-1,s1862623,,296
235,1695813768511,1.1853027,-0.1729126,-0.16168213,12.875,4.1875,-0.953125,Respeck,Descending stairs,-1,s1862623,,297
236,1695813768549,1.6811523,-0.28912354,-0.11090088,11.21875,20.75,13.1875,Respeck,Descending stairs,-1,s1862623,,298
237,1695813768586,1.3803711,-0.27642822,-0.042297363,25.78125,-6.0625,5.046875,Respeck,Descending stairs,-1,s1862623,,299
238,1695813768636,0.921875,-0.10650635,0.13934326,9.6875,-10.84375,-11.390625,Respeck,Descending stairs,-1,s1862623,,300
239,1695813768676,1.0144043,-0.32965088,-0.06744385,16.546875,-7.75,5.640625,Respeck,Descending stairs,-1,s1862623,,301
240,1695813768712,0.99902344,-0.3706665,-0.051574707,1.5625,-26.46875,0.765625,Respeck,Descending stairs,-1,s1862623,,302
241,1695813768749,0.8034668,-0.12432861,-0.011291504,-2.96875,-10.84375,4.9375,Respeck,Descending stairs,-1,s1862623,,303
242,1695813768786,0.6713867,-0.04522705,0.028747559,5.765625,-8.015625,2.015625,Respeck,Descending stairs,-1,s1862623,,304
243,1695813768823,0.72021484,-0.105285645,0.098083496,14.9375,-6.25,7.234375,Respeck,Descending stairs,-1,s1862623,,305
244,1695813768874,0.7697754,-0.22564697,0.09613037,19.546875,-11.25,18.90625,Respeck,Descending stairs,-1,s1862623,,306
245,1695813768912,0.8220215,-0.25079346,0.046813965,19.1875,-9.4375,12.0625,Respeck,Descending stairs,-1,s1862623,,307
246,1695813768950,0.7687988,-0.21734619,-0.047912598,16.84375,-1.375,-2.890625,Respeck,Descending stairs,-1,s1862623,,308
247,1695813768987,0.65625,-0.14801025,0.12908936,10.234375,-9.53125,0.125,Respeck,Descending stairs,-1,s1862623,,309
248,1695813769028,0.73828125,-0.113586426,0.058776855,33.890625,8.21875,0.125,Respeck,Descending stairs,-1,s1862623,,310
249,1695813769063,1.1462402,0.14422607,-0.08917236,38.671875,30.546875,-1.671875,Respeck,Descending stairs,-1,s1862623,,311
250,1695813769150,1.9541016,-0.010803223,0.2670288,18.9375,10.1875,15.875,Respeck,Descending stairs,-1,s1862623,,312
251,1695813769152,1.6652832,0.0045776367,-0.058654785,25.78125,3.09375,1.25,Respeck,Descending stairs,-1,s1862623,,313
252,1695813769185,1.3640137,-0.16656494,0.15179443,6.640625,-18.3125,-5.265625,Respeck,Descending stairs,-1,s1862623,,314
253,1695813769223,1.0930176,-0.012268066,0.10223389,26.734375,-1.296875,-0.421875,Respeck,Descending stairs,-1,s1862623,,315
254,1695813769261,0.8996582,0.049743652,0.2682495,30.171875,-4.078125,4.09375,Respeck,Descending stairs,-1,s1862623,,316
255,1695813769299,0.7680664,-0.058166504,0.06341553,30.5625,-2.625,2.078125,Respeck,Descending stairs,-1,s1862623,,317
256,1695813769350,0.7294922,-0.11846924,0.074157715,32.46875,-1.78125,-2.796875,Respeck,Descending stairs,-1,s1862623,,318
257,1695813769387,0.75268555,0.019714355,0.12908936,29.125,3.578125,-1.359375,Respeck,Descending stairs,-1,s1862623,,319
258,1695813769425,0.84594727,0.06976318,0.18377686,36.09375,-8.21875,0.640625,Respeck,Descending stairs,-1,s1862623,,320
259,1695813769461,0.86206055,0.0004272461,0.13909912,27.15625,-11.171875,-0.25,Respeck,Descending stairs,-1,s1862623,,321
260,1695813769499,0.8786621,-0.10479736,0.12420654,30.6875,-9.140625,-9.703125,Respeck,Descending stairs,-1,s1862623,,322
261,1695813769549,0.87524414,-0.22125244,0.19989014,39.03125,-2.296875,-17.125,Respeck,Descending stairs,-1,s1862623,,323
262,1695813769587,1.3549805,-0.46514893,-0.42144775,37.375,1.40625,-12.734375,Respeck,Descending stairs,-1,s1862623,,324
263,1695813769624,1.4777832,0.17840576,-0.030578613,9.53125,-12.203125,10.03125,Respeck,Descending stairs,-1,s1862623,,325
264,1695813769665,0.9992676,0.1864624,0.04534912,16.296875,-8.734375,13.9375,Respeck,Descending stairs,-1,s1862623,,326
265,1695813769702,1.052002,-0.08502197,-0.002746582,33.171875,5.8125,-1.125,Respeck,Descending stairs,-1,s1862623,,327
266,1695813769736,1.3637695,-0.37945557,0.027038574,28.25,-1.71875,-3.671875,Respeck,Descending stairs,-1,s1862623,,328
267,1695813769774,0.9238281,-0.04547119,0.10443115,14.53125,-10.28125,2.515625,Respeck,Descending stairs,-1,s1862623,,329
268,1695813769827,0.5163574,0.034118652,0.11883545,22.765625,0.984375,-0.046875,Respeck,Descending stairs,-1,s1862623,,330
269,1695813769869,0.7409668,-0.11553955,0.0038452148,31.203125,6.59375,6.546875,Respeck,Descending stairs,-1,s1862623,,331
270,1695813769937,1.026123,-0.3040161,0.055114746,30.359375,3.046875,5.140625,Respeck,Descending stairs,-1,s1862623,,332
271,1695813769944,1.0212402,-0.26983643,0.10028076,12.9375,2.40625,2.03125,Respeck,Descending stairs,-1,s1862623,,333
272,1695813769974,0.86279297,-0.128479,0.07879639,19.296875,-14.1875,-1.984375,Respeck,Descending stairs,-1,s1862623,,334
273,1695813770011,0.9140625,-0.12213135,0.093688965,28.09375,-16.203125,-3.65625,Respeck,Descending stairs,-1,s1862623,,335
274,1695813770060,1.057373,-0.27642822,0.09637451,23.28125,-20.890625,-0.328125,Respeck,Descending stairs,-1,s1862623,,336
275,1695813770098,0.9802246,-0.347229,0.08734131,19.28125,-18.25,2.28125,Respeck,Descending stairs,-1,s1862623,,337
276,1695813770135,0.98779297,-0.06500244,-0.08770752,35.03125,-23.671875,3.34375,Respeck,Descending stairs,-1,s1862623,,338
277,1695813770175,1.0383301,0.20135498,0.07147217,37.859375,-3.515625,6.890625,Respeck,Descending stairs,-1,s1862623,,339
278,1695813770212,1.1254883,0.19451904,0.21380615,7.21875,-5.734375,11.890625,Respeck,Descending stairs,-1,s1862623,,340
279,1695813770249,1.0866699,-0.32525635,0.06439209,7.96875,-6.953125,0.34375,Respeck,Descending stairs,-1,s1862623,,341
280,1695813770300,0.9916992,-0.10601807,0.017028809,9.484375,-1.453125,0.265625,Respeck,Descending stairs,-1,s1862623,,342
281,1695813770336,1.0300293,0.0770874,0.12591553,13.328125,-10.828125,-4.328125,Respeck,Descending stairs,-1,s1862623,,343
282,1695813770374,0.98413086,0.109313965,0.20428467,5.140625,-6.25,-1.484375,Respeck,Descending stairs,-1,s1862623,,344
283,1695813770412,0.7451172,-0.047180176,0.18670654,11.515625,-3.75,4.15625,Respeck,Descending stairs,-1,s1862623,,345
284,1695813770449,0.6489258,-0.13409424,0.16741943,8.5,-4.890625,3.734375,Respeck,Descending stairs,-1,s1862623,,346
285,1695813770485,0.6347656,-0.04034424,0.13983154,8.171875,1.0625,-4.640625,Respeck,Descending stairs,-1,s1862623,,347
286,1695813770536,0.56152344,-0.06085205,0.120788574,-8.390625,4.015625,-8.78125,Respeck,Descending stairs,-1,s1862623,,348
287,1695813770574,0.5891113,-0.07305908,0.18109131,-1.546875,25.5625,-2.6875,Respeck,Descending stairs,-1,s1862623,,349
288,1695813770612,0.6672363,-0.1038208,0.14227295,7.640625,9.34375,-9.03125,Respeck,Descending stairs,-1,s1862623,,350
289,1695813770649,0.86279297,0.00579834,0.22161865,-4.59375,12.703125,-2.765625,Respeck,Descending stairs,-1,s1862623,,351
290,1695813770687,0.9873047,0.028747559,0.17840576,-0.75,12.4375,-0.09375,Respeck,Descending stairs,-1,s1862623,,352
291,1695813770725,0.9194336,-0.074279785,0.081970215,2.703125,0.4375,0.03125,Respeck,Descending stairs,-1,s1862623,,353
292,1695813770774,1.1791992,0.013366699,-0.10406494,29.390625,12.15625,5.46875,Respeck,Descending stairs,-1,s1862623,,354
293,1695813770811,1.4870605,-0.16778564,-0.17974854,19.46875,11.5625,21.015625,Respeck,Descending stairs,-1,s1862623,,355
294,1695813770849,1.8225098,-0.44366455,-0.3772583,8.890625,26.765625,18.890625,Respeck,Descending stairs,-1,s1862623,,356
295,1695813770886,1.4504395,0.0036010742,-0.06939697,-3.40625,-11.203125,-7.546875,Respeck,Descending stairs,-1,s1862623,,357
296,1695813770924,1.0085449,-0.13775635,0.15081787,0.265625,1.234375,-0.75,Respeck,Descending stairs,-1,s1862623,,358
297,1695813770962,0.78100586,-0.25079346,-0.09991455,16.625,-4.578125,14.453125,Respeck,Descending stairs,-1,s1862623,,359
298,1695813771015,0.79296875,-0.22247314,-0.13653564,8.578125,-18.109375,4.28125,Respeck,Descending stairs,-1,s1862623,,360
299,1695813771048,0.74487305,-0.07623291,-0.1296997,-5.375,1.15625,-0.734375,Respeck,Descending stairs,-1,s1862623,,361
300,1695813771086,0.5812988,-0.005432129,0.041931152,8.09375,8.421875,0.609375,Respeck,Descending stairs,-1,s1862623,,362
301,1695813771123,0.60180664,-0.08013916,0.029724121,23.640625,-1.59375,2.4375,Respeck,Descending stairs,-1,s1862623,,363
302,1695813771162,0.5876465,-0.23101807,-0.012023926,20.5625,-15.859375,18.21875,Respeck,Descending stairs,-1,s1862623,,364
303,1695813771200,0.7324219,-0.20611572,-0.24468994,-3.5,16.421875,9.28125,Respeck,Descending stairs,-1,s1862623,,365
304,1695813771249,0.3984375,-0.1428833,0.050720215,-24.203125,19.9375,-5.5,Respeck,Descending stairs,-1,s1862623,,366
305,1695813771288,0.71899414,-0.13092041,-0.4024048,0.390625,30.859375,7.34375,Respeck,Descending stairs,-1,s1862623,,367
306,1695813771326,1.999939,0.5944214,-0.012023926,14.265625,24.125,-3.296875,Respeck,Descending stairs,-1,s1862623,,368
307,1695813771362,1.9177246,0.2802124,-0.36114502,20.734375,9.875,17.953125,Respeck,Descending stairs,-1,s1862623,,369
308,1695813771400,1.4003906,-0.364563,0.011657715,-18.46875,-4.90625,11.59375,Respeck,Descending stairs,-1,s1862623,,370
309,1695813771437,1.1286621,0.010437012,-0.25421143,14.65625,-0.21875,-16.4375,Respeck,Descending stairs,-1,s1862623,,371
310,1695813771487,1.0788574,0.3151245,0.0758667,4.671875,0.359375,-6.75,Respeck,Descending stairs,-1,s1862623,,372
311,1695813771528,0.99316406,0.07635498,-0.05670166,15.34375,-14.203125,2.84375,Respeck,Descending stairs,-1,s1862623,,373
312,1695813771562,0.779541,-0.06768799,-0.09869385,6.84375,-12.828125,-13.203125,Respeck,Descending stairs,-1,s1862623,,374
313,1695813771602,0.6699219,-0.022521973,0.035583496,-2.3125,-3.109375,-12.640625,Respeck,Descending stairs,-1,s1862623,,375
314,1695813771637,0.5986328,-0.12994385,0.06097412,-4.5625,-10.484375,-18.421875,Respeck,Descending stairs,-1,s1862623,,376
315,1695813771674,0.53515625,-0.04498291,-0.04498291,4.265625,-2.296875,-28.9375,Respeck,Descending stairs,-1,s1862623,,377
316,1695813771724,0.73339844,0.17547607,0.085632324,22.5,-1.90625,-14.671875,Respeck,Descending stairs,-1,s1862623,,378
317,1695813771762,0.9667969,-0.018615723,0.11224365,14.125,-1.546875,-0.65625,Respeck,Descending stairs,-1,s1862623,,379
318,1695813771799,0.79174805,-0.31427002,-0.16973877,29.3125,-5.421875,-7.5625,Respeck,Descending stairs,-1,s1862623,,380
319,1695813771837,0.8754883,-0.3394165,-0.4192505,-1.125,6.234375,2.484375,Respeck,Descending stairs,-1,s1862623,,381
320,1695813771874,1.4824219,0.023864746,-0.2678833,6.28125,0.640625,17.984375,Respeck,Descending stairs,-1,s1862623,,382
321,1695813771924,1.8300781,0.51361084,-0.24493408,17.734375,13.765625,20.03125,Respeck,Descending stairs,-1,s1862623,,383
322,1695813771962,1.4938965,-0.32452393,-0.046447754,33.359375,-15.484375,-0.078125,Respeck,Descending stairs,-1,s1862623,,384
323,1695813771999,0.78125,-0.663147,-0.06304932,9.421875,-26.71875,-7.4375,Respeck,Descending stairs,-1,s1862623,,385
324,1695813772035,0.64331055,-0.14508057,-0.19805908,1.828125,-2.5625,7.84375,Respeck,Descending stairs,-1,s1862623,,386
325,1695813772073,0.8696289,0.034118652,0.0048217773,14.046875,-8.890625,-3.375,Respeck,Descending stairs,-1,s1862623,,387
326,1695813772110,1.1057129,-0.13531494,-0.12310791,8.515625,11.28125,-2.84375,Respeck,Descending stairs,-1,s1862623,,388
327,1695813772162,0.75927734,-0.22125244,0.0038452148,3.734375,-10.46875,2.875,Respeck,Descending stairs,-1,s1862623,,389
328,1695813772200,0.68725586,-0.14312744,-0.12286377,4.75,-9.65625,-0.828125,Respeck,Descending stairs,-1,s1862623,,390
329,1695813772236,0.6352539,-0.089660645,-0.04522705,-1.0625,-4.515625,3.9375,Respeck,Descending stairs,-1,s1862623,,391
330,1695813772274,0.5407715,-0.16314697,-0.09161377,16.890625,-0.125,-2.46875,Respeck,Descending stairs,-1,s1862623,,392
331,1695813772311,0.6464844,-0.062316895,-0.09283447,12.5625,0.203125,-11.15625,Respeck,Descending stairs,-1,s1862623,,393
332,1695813772350,0.98950195,-0.016906738,-0.17828369,19.28125,15.796875,-2.21875,Respeck,Descending stairs,-1,s1862623,,394
333,1695813772435,1.999939,0.6481323,-0.1182251,32.390625,1.625,6.640625,Respeck,Descending stairs,-1,s1862623,,395
334,1695813772437,1.7331543,0.14544678,-0.1038208,3.046875,-12.046875,15.421875,Respeck,Descending stairs,-1,s1862623,,396
335,1695813772474,1.2766113,-0.27423096,-0.09527588,24.203125,-3.6875,-1.234375,Respeck,Descending stairs,-1,s1862623,,397
336,1695813772512,1.1611328,-0.1531372,-0.02545166,-1.640625,1.359375,-6.921875,Respeck,Descending stairs,-1,s1862623,,398
337,1695813772549,1.0844727,0.17327881,0.08001709,21.21875,-3.84375,-1.078125,Respeck,Descending stairs,-1,s1862623,,399
338,1695813772587,0.84521484,0.18792725,0.07244873,18.8125,-3.53125,0.4375,Respeck,Descending stairs,-1,s1862623,,400
339,1695813772637,0.6359863,-0.08453369,-0.0064086914,25.3125,-4.078125,-2.078125,Respeck,Descending stairs,-1,s1862623,,401
340,1695813772673,0.5932617,-0.14703369,0.035339355,21.140625,3.5625,-1.421875,Respeck,Descending stairs,-1,s1862623,,402
341,1695813772711,0.7302246,0.09124756,0.078552246,28.109375,0.78125,-2.28125,Respeck,Descending stairs,-1,s1862623,,403
342,1695813772749,1.0400391,0.19354248,0.1317749,33.625,-2.171875,-3.53125,Respeck,Descending stairs,-1,s1862623,,404
343,1695813772786,1.1403809,-0.031799316,0.15179443,25.34375,-6.453125,-9.21875,Respeck,Descending stairs,-1,s1862623,,405
344,1695813772825,0.9641113,-0.28082275,0.09613037,16.0625,-2.953125,-14.5,Respeck,Descending stairs,-1,s1862623,,406
345,1695813772911,0.97680664,-0.22149658,0.06512451,21.875,-7.59375,-21.6875,Respeck,Descending stairs,-1,s1862623,,407
346,1695813772913,1.2600098,-0.00592041,-0.14703369,43.140625,-6.0,-18.828125,Respeck,Descending stairs,-1,s1862623,,408
347,1695813772949,1.5136719,0.17425537,-0.27667236,34.03125,-28.796875,-7.875,Respeck,Descending stairs,-1,s1862623,,409
348,1695813772986,0.93725586,0.12640381,-0.012512207,-18.59375,-12.890625,20.609375,Respeck,Descending stairs,-1,s1862623,,410
349,1695813773024,0.5969238,-0.31085205,-0.23370361,34.640625,5.40625,3.625,Respeck,Descending stairs,-1,s1862623,,411
350,1695813773062,0.7529297,-0.2810669,-0.2276001,28.234375,17.859375,-19.953125,Respeck,Descending stairs,-1,s1862623,,412
351,1695813773112,1.4892578,0.137146,0.03704834,31.921875,-4.28125,11.25,Respeck,Descending stairs,-1,s1862623,,413
352,1695813773150,1.1574707,0.094177246,-0.011291504,17.75,-3.984375,3.21875,Respeck,Descending stairs,-1,s1862623,,414
353,1695813773187,0.50634766,-0.37335205,-0.14923096,6.21875,-13.0625,-3.765625,Respeck,Descending stairs,-1,s1862623,,415
354,1695813773224,0.657959,-0.35284424,-0.037902832,14.859375,8.953125,4.234375,Respeck,Descending stairs,-1,s1862623,,416
355,1695813773263,1.0783691,-0.058654785,-0.012756348,22.46875,0.109375,-0.15625,Respeck,Descending stairs,-1,s1862623,,417
356,1695813773299,1.1203613,-0.07965088,-0.0025024414,22.765625,-8.0625,-5.28125,Respeck,Descending stairs,-1,s1862623,,418
357,1695813773349,0.8625488,-0.18634033,-0.028381348,24.046875,-16.28125,-0.53125,Respeck,Descending stairs,-1,s1862623,,419
358,1695813773386,0.8781738,-0.13092041,-0.0569458,29.625,-18.640625,-0.84375,Respeck,Descending stairs,-1,s1862623,,420
359,1695813773425,0.9855957,-0.17633057,-0.1843872,30.609375,-26.140625,-5.0,Respeck,Descending stairs,-1,s1862623,,421
360,1695813773463,1.2443848,-0.18634033,-0.1807251,33.890625,1.609375,0.65625,Respeck,Descending stairs,-1,s1862623,,422
361,1695813773499,1.137207,0.33880615,0.07293701,10.859375,-8.59375,18.625,Respeck,Descending stairs,-1,s1862623,,423
362,1695813773535,0.80908203,0.27069092,0.109802246,0.828125,-7.3125,10.0,Respeck,Descending stairs,-1,s1862623,,424
363,1695813773586,1.0014648,-0.24884033,-0.1560669,31.78125,17.09375,0.9375,Respeck,Descending stairs,-1,s1862623,,425
364,1695813773627,1.2529297,-0.17608643,-0.05596924,21.234375,-7.109375,8.40625,Respeck,Descending stairs,-1,s1862623,,426
365,1695813773660,1.0087891,0.048034668,0.074401855,3.796875,-8.65625,-8.859375,Respeck,Descending stairs,-1,s1862623,,427
366,1695813773698,0.79541016,0.021911621,0.058532715,-4.125,-3.125,-8.828125,Respeck,Descending stairs,-1,s1862623,,428
367,1695813773737,0.6965332,-0.046203613,0.09588623,6.6875,-15.421875,6.578125,Respeck,Descending stairs,-1,s1862623,,429
368,1695813773774,0.6972656,-0.1260376,0.1605835,8.015625,-2.0,-3.03125,Respeck,Descending stairs,-1,s1862623,,430
369,1695813773823,0.71777344,-0.15167236,0.026550293,-1.296875,5.21875,-17.6875,Respeck,Descending stairs,-1,s1862623,,431
370,1695813773860,0.4638672,-0.0134887695,0.08929443,-24.40625,0.359375,-11.65625,Respeck,Descending stairs,-1,s1862623,,432
371,1695813773901,0.3330078,0.0026245117,0.1227417,-8.203125,10.640625,0.59375,Respeck,Descending stairs,-1,s1862623,,433
372,1695813773935,0.5720215,0.04876709,0.070739746,-0.53125,19.0625,4.5,Respeck,Descending stairs,-1,s1862623,,434
373,1695813773987,0.8984375,0.14447021,0.1708374,-7.640625,8.484375,12.640625,Respeck,Descending stairs,-1,s1862623,,435
374,1695813774016,1.420166,-0.077697754,-0.1494751,50.3125,4.953125,7.9375,Respeck,Descending stairs,-1,s1862623,,436
375,1695813774062,1.3837891,-0.10650635,-0.4512329,22.265625,25.734375,3.203125,Respeck,Descending stairs,-1,s1862623,,437
376,1695813774100,1.1809082,-0.12530518,-0.20343018,-15.8125,8.15625,14.328125,Respeck,Descending stairs,-1,s1862623,,438
377,1695813774135,1.7087402,-0.36431885,-0.27374268,0.84375,19.78125,7.765625,Respeck,Descending stairs,-1,s1862623,,439
378,1695813774173,1.6525879,0.2267456,-0.0012817383,1.28125,-24.015625,-10.125,Respeck,Descending stairs,-1,s1862623,,440
379,1695813774224,1.0351562,0.22332764,0.105651855,-15.96875,-7.03125,8.671875,Respeck,Descending stairs,-1,s1862623,,441
380,1695813774249,0.68652344,-0.2703247,-0.03326416,5.09375,-10.703125,13.078125,Respeck,Descending stairs,-1,s1862623,,442
381,1695813774299,0.7355957,-0.46466064,-0.24591064,2.40625,-22.34375,-2.875,Respeck,Descending stairs,-1,s1862623,,443
382,1695813774337,0.7753906,0.04876709,-0.07159424,-4.640625,1.703125,-0.921875,Respeck,Descending stairs,-1,s1862623,,444
383,1695813774373,0.6965332,0.30462646,0.19622803,2.46875,-1.828125,-6.453125,Respeck,Descending stairs,-1,s1862623,,445
384,1695813774411,0.70092773,0.14935303,0.0006713867,22.203125,-20.859375,10.75,Respeck,Descending stairs,-1,s1862623,,446
385,1695813774449,0.5085449,-0.3411255,0.046081543,8.453125,-20.328125,23.09375,Respeck,Descending stairs,-1,s1862623,,447
386,1695813774486,0.5810547,-0.6511841,-0.19024658,-9.640625,9.859375,-0.34375,Respeck,Descending stairs,-1,s1862623,,448
387,1695813774540,0.6694336,-0.1453247,-0.0413208,-11.890625,-12.09375,-27.6875,Respeck,Descending stairs,-1,s1862623,,449
388,1695813774574,0.8989258,0.32147217,-0.05718994,35.484375,12.671875,-17.53125,Respeck,Descending stairs,-1,s1862623,,450
389,1695813774612,1.8273926,0.7650757,0.054382324,34.515625,33.21875,-7.40625,Respeck,Descending stairs,-1,s1862623,,451
390,1695813774651,1.8891602,-0.04449463,0.012390137,20.53125,-7.46875,32.5,Respeck,Descending stairs,-1,s1862623,,452
391,1695813774689,1.5527344,-0.6531372,-0.17706299,-29.53125,-20.375,-6.109375,Respeck,Descending stairs,-1,s1862623,,453
392,1695813774725,1.1477051,-0.09088135,-0.046936035,-25.28125,-28.0,-28.578125,Respeck,Descending stairs,-1,s1862623,,454
393,1695813774774,1.1447754,0.49188232,0.276062,-15.203125,-14.3125,-10.046875,Respeck,Descending stairs,-1,s1862623,,455
394,1695813774812,0.7409668,0.121276855,0.2255249,-11.796875,-7.984375,7.125,Respeck,Descending stairs,-1,s1862623,,456
395,1695813774849,0.50561523,-0.38067627,-0.0095825195,-18.921875,-6.078125,-7.296875,Respeck,Descending stairs,-1,s1862623,,457
396,1695813774886,0.44018555,-0.16485596,0.06878662,-24.140625,19.03125,-25.265625,Respeck,Descending stairs,-1,s1862623,,458
397,1695813774925,0.54589844,-0.0064086914,0.02142334,-17.15625,-4.453125,-15.625,Respeck,Descending stairs,-1,s1862623,,459
398,1695813774962,0.5732422,0.08709717,0.16375732,-25.484375,7.734375,-16.375,Respeck,Descending stairs,-1,s1862623,,460
399,1695813775011,0.7438965,0.23773193,0.12445068,6.90625,12.140625,3.828125,Respeck,Descending stairs,-1,s1862623,,461
400,1695813775049,1.529541,-0.047912598,0.01727295,44.40625,2.421875,17.765625,Respeck,Descending stairs,-1,s1862623,,462
401,1695813775089,1.0654297,-0.105529785,-0.27789307,26.421875,20.546875,-1.359375,Respeck,Descending stairs,-1,s1862623,,463
402,1695813775139,1.1247559,-0.2539673,-0.19952393,8.1875,4.421875,10.78125,Respeck,Descending stairs,-1,s1862623,,464
403,1695813775160,1.999939,-0.4487915,-0.4751587,32.203125,42.90625,8.53125,Respeck,Descending stairs,-1,s1862623,,465
404,1695813775202,1.5957031,0.07342529,0.10736084,-8.875,-19.5,-8.0,Respeck,Descending stairs,-1,s1862623,,466
405,1695813775249,1.1279297,-0.12310791,0.16400146,-16.75,2.703125,-1.125,Respeck,Descending stairs,-1,s1862623,,467
406,1695813775286,0.49926758,-0.31402588,-0.05718994,2.578125,1.34375,5.140625,Respeck,Descending stairs,-1,s1862623,,468
407,1695813775324,0.5187988,-0.19927979,0.043640137,-4.46875,-6.96875,13.28125,Respeck,Descending stairs,-1,s1862623,,469
408,1695813775361,0.8815918,-0.109191895,-0.35162354,35.015625,30.796875,2.71875,Respeck,Descending stairs,-1,s1862623,,470
409,1695813775399,0.81811523,0.070007324,0.0014038086,33.765625,-6.40625,0.046875,Respeck,Descending stairs,-1,s1862623,,471
410,1695813775435,0.99487305,-0.13360596,-0.0051879883,19.84375,-14.265625,3.796875,Respeck,Descending stairs,-1,s1862623,,472
411,1695813775488,0.9289551,-0.05670166,-0.085510254,-19.8125,-23.6875,7.328125,Respeck,Descending stairs,-1,s1862623,,473
412,1695813775524,0.5136719,-0.19390869,0.11859131,-21.171875,-14.328125,5.46875,Respeck,Descending stairs,-1,s1862623,,474
413,1695813775561,0.5751953,-0.32159424,-0.00982666,-12.84375,-4.015625,-1.0625,Respeck,Descending stairs,-1,s1862623,,475
414,1695813775599,0.77563477,-0.05328369,0.10687256,1.65625,-8.0,-4.9375,Respeck,Descending stairs,-1,s1862623,,476
415,1695813775636,0.9042969,-0.038635254,-0.09918213,2.671875,-6.890625,4.390625,Respeck,Descending stairs,-1,s1862623,,477
416,1695813775688,0.7270508,0.0016479492,-0.222229,-6.640625,7.28125,-3.015625,Respeck,Descending stairs,-1,s1862623,,478
417,1695813775725,0.93725586,0.25042725,0.085632324,11.546875,20.96875,5.328125,Respeck,Descending stairs,-1,s1862623,,479
418,1695813775762,1.999939,0.13079834,-0.3916626,11.578125,13.46875,5.0,Respeck,Descending stairs,-1,s1862623,,480
419,1695813775799,1.8295898,-0.26275635,0.1954956,-42.03125,-2.453125,5.3125,Respeck,Descending stairs,-1,s1862623,,481
420,1695813775837,1.1677246,-0.10406494,-0.175354,-5.0,-5.65625,-21.015625,Respeck,Descending stairs,-1,s1862623,,482
421,1695813775876,1.0410156,0.11834717,0.15447998,-19.125,4.8125,-14.5625,Respeck,Descending stairs,-1,s1862623,,483
422,1695813775925,0.8955078,0.09564209,0.05218506,2.546875,-17.0,7.234375,Respeck,Descending stairs,-1,s1862623,,484
423,1695813775962,0.50756836,-0.21490479,-0.0076293945,-17.28125,-17.703125,8.453125,Respeck,Descending stairs,-1,s1862623,,485
424,1695813775999,0.32763672,-0.2962036,0.010681152,-23.234375,0.828125,-15.34375,Respeck,Descending stairs,-1,s1862623,,486
425,1695813776036,0.51538086,-0.04083252,0.09320068,-34.78125,9.671875,-20.171875,Respeck,Descending stairs,-1,s1862623,,487
426,1695813776074,0.6472168,-0.009094238,0.036071777,1.25,3.875,-14.453125,Respeck,Descending stairs,-1,s1862623,,488
427,1695813776111,0.7858887,0.21917725,0.08807373,-10.078125,13.0625,-11.75,Respeck,Descending stairs,-1,s1862623,,489
428,1695813776162,1.3833008,0.0927124,0.057556152,8.234375,9.90625,1.28125,Respeck,Descending stairs,-1,s1862623,,490
429,1695813776200,1.1237793,-0.24786377,0.0524292,8.65625,-4.25,-9.21875,Respeck,Descending stairs,-1,s1862623,,491
430,1695813776236,0.7487793,-0.15948486,0.025817871,-0.40625,-3.359375,0.15625,Respeck,Descending stairs,-1,s1862623,,492
431,1695813776274,0.8647461,-0.15826416,-0.13238525,25.6875,-3.84375,-1.78125,Respeck,Descending stairs,-1,s1862623,,493
432,1695813776311,1.1574707,-0.10772705,-0.35455322,15.828125,2.71875,-0.515625,Respeck,Descending stairs,-1,s1862623,,494
433,1695813776349,1.6655273,-0.1795044,-0.2774048,5.0,32.328125,29.984375,Respeck,Descending stairs,-1,s1862623,,495
434,1695813776399,1.532959,-0.4487915,-0.026184082,21.78125,-12.078125,10.875,Respeck,Descending stairs,-1,s1862623,,496
435,1695813776437,1.0908203,-0.28692627,-0.13482666,12.453125,-4.8125,-2.546875,Respeck,Descending stairs,-1,s1862623,,497
436,1695813776475,1.0517578,-0.17926025,-0.101867676,-0.140625,-4.234375,17.265625,Respeck,Descending stairs,-1,s1862623,,498
437,1695813776512,0.96435547,-0.1506958,-0.06085205,-3.890625,-19.828125,8.828125,Respeck,Descending stairs,-1,s1862623,,499
438,1695813776548,0.671875,-0.19000244,-0.0791626,-5.8125,-6.421875,-7.84375,Respeck,Descending stairs,-1,s1862623,,500
439,1695813776585,0.47338867,0.005554199,0.08050537,-7.5,-9.25,1.5625,Respeck,Descending stairs,-1,s1862623,,501
440,1695813776636,0.65966797,-0.13824463,-0.03277588,9.71875,-10.859375,10.359375,Respeck,Descending stairs,-1,s1862623,,502
441,1695813776675,0.66503906,-0.15386963,0.03387451,13.03125,-26.40625,0.3125,Respeck,Descending stairs,-1,s1862623,,503
442,1695813776724,0.703125,-0.3328247,0.062683105,16.796875,-8.046875,-1.5625,Respeck,Descending stairs,-1,s1862623,,504
443,1695813776749,0.9260254,-0.24346924,-0.077941895,-1.453125,-14.28125,-12.046875,Respeck,Descending stairs,-1,s1862623,,505
444,1695813776786,0.4609375,-0.05279541,-0.04815674,1.859375,-6.125,0.5625,Respeck,Descending stairs,-1,s1862623,,506
445,1695813776826,0.7631836,0.20404053,-0.120666504,5.140625,27.203125,5.296875,Respeck,Descending stairs,-1,s1862623,,507
446,1695813776874,1.999939,0.7435913,-6.1035156e-05,28.5,26.046875,-2.890625,Respeck,Descending stairs,-1,s1862623,,508
447,1695813776911,1.8574219,-0.41705322,0.06854248,-10.984375,-24.09375,14.078125,Respeck,Descending stairs,-1,s1862623,,509
448,1695813776947,1.1499023,-0.35650635,0.047546387,-5.359375,-11.546875,-20.90625,Respeck,Descending stairs,-1,s1862623,,510
449,1695813776986,0.84887695,0.01727295,0.07220459,-15.890625,2.84375,-22.71875,Respeck,Descending stairs,-1,s1862623,,511
450,1695813777024,0.72509766,0.097839355,0.18304443,7.375,-9.359375,14.078125,Respeck,Descending stairs,-1,s1862623,,512
451,1695813777060,0.6196289,0.031433105,0.08734131,3.421875,7.828125,8.578125,Respeck,Descending stairs,-1,s1862623,,513
452,1695813777112,0.6105957,-0.1519165,0.10394287,5.453125,2.140625,-7.4375,Respeck,Descending stairs,-1,s1862623,,514
453,1695813777149,0.57128906,-0.2979126,0.046569824,-26.40625,0.015625,-12.734375,Respeck,Descending stairs,-1,s1862623,,515
454,1695813777187,0.27124023,-0.16412354,-0.024963379,-28.296875,25.4375,-23.765625,Respeck,Descending stairs,-1,s1862623,,516
455,1695813777224,0.45825195,0.08026123,-0.0029907227,-11.75,15.171875,-5.8125,Respeck,Descending stairs,-1,s1862623,,517
456,1695813777262,1.2910156,0.30584717,0.07977295,1.25,13.375,2.890625,Respeck,Descending stairs,-1,s1862623,,518
457,1695813777299,1.3540039,0.028503418,-0.024230957,6.015625,-5.96875,-0.34375,Respeck,Descending stairs,-1,s1862623,,519
458,1695813777348,0.6123047,-0.42974854,-0.33746338,13.5625,6.125,9.5625,Respeck,Descending stairs,-1,s1862623,,520
459,1695813777386,1.1572266,-0.3027954,-0.43096924,24.71875,33.15625,23.015625,Respeck,Descending stairs,-1,s1862623,,521
460,1695813777425,1.999939,0.22210693,-0.15045166,36.15625,41.609375,4.90625,Respeck,Descending stairs,-1,s1862623,,522
461,1695813777461,1.6357422,-0.13800049,0.08270264,-6.28125,-45.828125,16.953125,Respeck,Descending stairs,-1,s1862623,,523
462,1695813777499,0.9448242,-0.6135864,-0.269104,14.71875,-8.8125,6.75,Respeck,Descending stairs,-1,s1862623,,524
463,1695813777536,0.7492676,-0.38311768,-0.16265869,-14.46875,7.015625,-2.953125,Respeck,Descending stairs,-1,s1862623,,525
464,1695813777586,0.8996582,0.15887451,0.0138549805,3.984375,-9.25,1.546875,Respeck,Descending stairs,-1,s1862623,,526
465,1695813777625,0.8408203,0.22503662,0.012145996,8.921875,-5.15625,-2.59375,Respeck,Descending stairs,-1,s1862623,,527
466,1695813777662,0.5625,-0.008605957,-0.00982666,22.453125,-12.34375,1.59375,Respeck,Descending stairs,-1,s1862623,,528
467,1695813777700,0.53637695,-0.19610596,-0.12237549,34.59375,-17.0,14.734375,Respeck,Descending stairs,-1,s1862623,,529
468,1695813777737,0.5805664,-0.28033447,0.03265381,17.75,-12.265625,8.515625,Respeck,Descending stairs,-1,s1862623,,530
469,1695813777775,0.6398926,-0.2774048,-0.07183838,0.53125,-4.40625,-5.78125,Respeck,Descending stairs,-1,s1862623,,531
470,1695813777825,0.7927246,-0.2000122,-0.00079345703,-1.453125,-7.703125,-6.953125,Respeck,Descending stairs,-1,s1862623,,532
471,1695813777860,0.83984375,-0.14385986,-0.16265869,0.46875,-8.765625,-1.40625,Respeck,Descending stairs,-1,s1862623,,533
472,1695813777899,0.74560547,0.101989746,-0.14068604,-2.703125,7.09375,-3.46875,Respeck,Descending stairs,-1,s1862623,,534
473,1695813777936,1.0095215,0.4015503,0.039489746,1.265625,10.078125,2.734375,Respeck,Descending stairs,-1,s1862623,,535
474,1695813777974,1.7424316,0.3583374,-0.10089111,29.046875,11.328125,11.5625,Respeck,Descending stairs,-1,s1862623,,536
475,1695813778013,1.999939,-0.051086426,0.25213623,-24.125,-0.1875,-3.390625,Respeck,Descending stairs,-1,s1862623,,537
476,1695813778062,1.2006836,-0.13311768,-0.012512207,-5.046875,-25.390625,-17.0625,Respeck,Descending stairs,-1,s1862623,,538
477,1695813778100,0.810791,-0.020568848,0.14593506,4.75,-4.296875,-12.765625,Respeck,Descending stairs,-1,s1862623,,539
478,1695813779362,0.5371094,-0.094055176,0.010192871,4.234375,-9.3125,2.625,Respeck,Descending stairs,-1,s1862623,,571
479,1695813779400,0.71899414,-0.0725708,0.028747559,-24.484375,-2.671875,-7.90625,Respeck,Descending stairs,-1,s1862623,,572
480,1695813779450,0.6442871,0.020935059,0.06561279,-21.4375,7.640625,-28.703125,Respeck,Descending stairs,-1,s1862623,,573
481,1695813779487,0.4013672,-0.0029907227,0.07562256,1.859375,7.96875,-20.421875,Respeck,Descending stairs,-1,s1862623,,574
482,1695813779524,0.7470703,-0.03717041,0.12030029,7.296875,-2.78125,-1.46875,Respeck,Descending stairs,-1,s1862623,,575
483,1695813779562,1.4821777,-0.039367676,0.09857178,12.734375,7.453125,-4.03125,Respeck,Descending stairs,-1,s1862623,,576
484,1695813779599,1.0148926,0.042907715,0.039245605,-7.703125,2.453125,-4.140625,Respeck,Descending stairs,-1,s1862623,,577
485,1695813779636,0.6879883,-0.13311768,-0.18292236,3.1875,14.78125,-17.9375,Respeck,Descending stairs,-1,s1862623,,578
486,1695813779736,0.7687988,-0.08428955,-0.25909424,17.546875,17.9375,6.421875,Respeck,Descending stairs,-1,s1862623,,579
487,1695813779738,1.6750488,0.030700684,-0.30841064,46.875,9.484375,9.046875,Respeck,Descending stairs,-1,s1862623,,580
488,1695813779761,1.999939,-0.19024658,-0.20196533,12.5625,0.21875,3.265625,Respeck,Descending stairs,-1,s1862623,,581
489,1695813779799,1.0825195,-0.15484619,0.11126709,-32.5625,-34.96875,-6.953125,Respeck,Descending stairs,-1,s1862623,,582
490,1695813779838,0.44067383,-0.23101807,-0.016662598,-11.09375,-11.25,7.765625,Respeck,Descending stairs,-1,s1862623,,583
491,1695813779874,0.5012207,-0.2468872,-0.1350708,21.296875,-6.90625,10.0,Respeck,Descending stairs,-1,s1862623,,584
492,1695813779924,0.8654785,-0.13189697,-0.12896729,20.359375,-11.90625,-8.953125,Respeck,Descending stairs,-1,s1862623,,585
493,1695813779962,0.8696289,0.038024902,0.034118652,-15.40625,2.609375,-2.703125,Respeck,Descending stairs,-1,s1862623,,586
494,1695813779999,0.49438477,0.0053100586,0.12371826,11.90625,-21.109375,8.546875,Respeck,Descending stairs,-1,s1862623,,587
495,1695813780036,0.5900879,-0.3899536,-0.14434814,33.3125,-15.640625,11.015625,Respeck,Descending stairs,-1,s1862623,,588
496,1695813780075,0.86206055,-0.75445557,-0.018859863,-22.765625,-12.78125,-4.125,Respeck,Descending stairs,-1,s1862623,,589
497,1695813780112,0.90722656,-0.17364502,-0.04034424,-47.28125,-21.265625,-6.90625,Respeck,Descending stairs,-1,s1862623,,590
498,1695813780202,0.8051758,0.30389404,-0.124572754,-17.65625,13.234375,-12.078125,Respeck,Descending stairs,-1,s1862623,,591
499,1695813780206,0.43823242,0.36932373,0.04046631,1.34375,34.875,7.75,Respeck,Descending stairs,-1,s1862623,,592
500,1695813780237,1.3930664,0.45819092,0.03778076,35.78125,46.546875,32.90625,Respeck,Descending stairs,-1,s1862623,,593
501,1695813780274,1.999939,-0.37335205,0.15252686,10.296875,19.265625,19.25,Respeck,Descending stairs,-1,s1862623,,594
502,1695813780312,1.5866699,-0.34820557,-0.09844971,-48.8125,-51.390625,-4.25,Respeck,Descending stairs,-1,s1862623,,595
503,1695813780348,0.642334,0.002380371,-0.15631104,-14.53125,-31.984375,-38.609375,Respeck,Descending stairs,-1,s1862623,,596
504,1695813780399,0.70947266,0.18011475,0.34588623,-3.09375,25.3125,-8.84375,Respeck,Descending stairs,-1,s1862623,,597
505,1695813780436,0.7702637,0.08026123,0.2218628,15.921875,1.453125,15.34375,Respeck,Descending stairs,-1,s1862623,,598
506,1695813780473,0.42236328,-0.23687744,0.06121826,-7.0625,-12.3125,4.953125,Respeck,Descending stairs,-1,s1862623,,599
507,1695813780511,0.3935547,-0.3123169,0.016784668,2.3125,-0.34375,-31.484375,Respeck,Descending stairs,-1,s1862623,,600
508,1695813780582,0.60791016,-0.04864502,-0.046936035,-3.296875,7.9375,-16.046875,Respeck,Descending stairs,-1,s1862623,,601
509,1695813780586,1.1413574,0.23919678,0.24749756,17.640625,-1.4375,-15.71875,Respeck,Descending stairs,-1,s1862623,,602
510,1695813780639,0.8444824,0.0368042,0.034606934,-4.546875,6.515625,-3.5625,Respeck,Descending stairs,-1,s1862623,,603
511,1695813780674,0.88549805,-0.10284424,-0.07501221,24.5625,-5.953125,5.734375,Respeck,Descending stairs,-1,s1862623,,604
512,1695813780712,1.114502,-0.1921997,-0.34014893,22.75,22.671875,3.59375,Respeck,Descending stairs,-1,s1862623,,605
513,1695813780749,1.999939,-0.3435669,-0.24835205,33.21875,-0.984375,23.53125,Respeck,Descending stairs,-1,s1862623,,606
514,1695813780787,1.5827637,-0.25030518,-0.05328369,7.703125,8.421875,4.078125,Respeck,Descending stairs,-1,s1862623,,607
515,1695813780824,1.1625977,-0.15582275,0.059265137,13.109375,-5.03125,2.171875,Respeck,Descending stairs,-1,s1862623,,608
516,1695813780874,0.9116211,-0.23321533,-0.06500244,13.28125,-19.359375,2.265625,Respeck,Descending stairs,-1,s1862623,,609
517,1695813780914,0.8833008,-0.31134033,-0.1260376,1.046875,-7.875,-1.984375,Respeck,Descending stairs,-1,s1862623,,610
518,1695813780948,0.7233887,0.014831543,-0.07647705,9.546875,-12.359375,-0.71875,Respeck,Descending stairs,-1,s1862623,,611
519,1695813780986,0.55249023,0.085632324,0.0048217773,13.5625,-3.4375,-2.640625,Respeck,Descending stairs,-1,s1862623,,612
520,1695813781025,0.6281738,-0.011047363,0.081970215,26.875,0.90625,5.03125,Respeck,Descending stairs,-1,s1862623,,613
521,1695813781062,0.8935547,-0.23712158,-0.13116455,45.5,-7.765625,20.5,Respeck,Descending stairs,-1,s1862623,,614
522,1695813781111,0.8503418,-0.19293213,0.009216309,17.359375,-7.3125,5.609375,Respeck,Descending stairs,-1,s1862623,,615
523,1695813781149,0.8029785,-0.35528564,0.007019043,17.453125,1.5625,-3.90625,Respeck,Descending stairs,-1,s1862623,,616
524,1695813781185,0.69018555,-0.04547119,-0.09942627,12.0625,-13.46875,-7.484375,Respeck,Descending stairs,-1,s1862623,,617
525,1695813781223,0.5480957,0.2062378,-0.09210205,44.171875,1.3125,6.546875,Respeck,Descending stairs,-1,s1862623,,618
526,1695813781261,1.2646484,0.23919678,-0.0029907227,27.140625,25.6875,3.578125,Respeck,Descending stairs,-1,s1862623,,619
527,1695813781299,1.999939,0.12542725,-0.20977783,42.609375,-2.703125,7.8125,Respeck,Descending stairs,-1,s1862623,,620
528,1695813781349,1.5458984,-0.2942505,0.017028809,10.078125,-17.546875,1.4375,Respeck,Descending stairs,-1,s1862623,,621
529,1695813781387,1.2885742,-0.04498291,-0.010803223,10.0,3.46875,-25.40625,Respeck,Descending stairs,-1,s1862623,,622
530,1695813781424,1.1499023,0.038757324,0.16326904,27.59375,-7.8125,-7.15625,Respeck,Descending stairs,-1,s1862623,,623
531,1695813781461,0.79345703,0.1329956,0.12542725,35.53125,-16.125,9.125,Respeck,Descending stairs,-1,s1862623,,624
532,1695813781500,0.6074219,-0.016418457,0.026794434,32.578125,-5.84375,3.71875,Respeck,Descending stairs,-1,s1862623,,625
533,1695813781537,0.83154297,-0.16363525,0.038513184,40.890625,-0.890625,-14.21875,Respeck,Descending stairs,-1,s1862623,,626
534,1695813781587,0.86987305,0.06536865,0.12420654,25.78125,-5.53125,-7.203125,Respeck,Descending stairs,-1,s1862623,,627
535,1695813781625,0.796875,0.17034912,0.19085693,40.390625,-7.828125,3.109375,Respeck,Descending stairs,-1,s1862623,,628
536,1695813781660,0.8754883,-0.0012817383,0.10369873,45.0,-2.921875,-1.859375,Respeck,Descending stairs,-1,s1862623,,629
537,1695813781699,0.96850586,-0.10479736,0.26922607,39.203125,2.15625,-4.921875,Respeck,Descending stairs,-1,s1862623,,630
538,1695813781735,1.0439453,-0.255188,0.2033081,47.125,-10.1875,-7.109375,Respeck,Descending stairs,-1,s1862623,,631
539,1695813781774,1.1740723,-0.29644775,0.16351318,29.71875,-7.84375,-8.328125,Respeck,Descending stairs,-1,s1862623,,632
540,1695813781823,1.1665039,-0.17095947,-0.08892822,48.953125,-12.609375,-11.59375,Respeck,Descending stairs,-1,s1862623,,633
541,1695813781860,1.3237305,0.054870605,-0.16485596,35.125,-4.34375,-4.9375,Respeck,Descending stairs,-1,s1862623,,634
542,1695813781899,1.1591797,0.22772217,-0.05206299,-14.140625,6.59375,26.078125,Respeck,Descending stairs,-1,s1862623,,635
543,1695813781936,0.67749023,-0.13677979,-0.25177002,29.1875,-12.625,23.09375,Respeck,Descending stairs,-1,s1862623,,636
544,1695813781975,0.7626953,-0.41046143,-0.3164673,31.046875,20.328125,-11.359375,Respeck,Descending stairs,-1,s1862623,,637
545,1695813782011,1.4018555,0.066101074,-0.01763916,23.75,7.578125,-3.765625,Respeck,Descending stairs,-1,s1862623,,638
546,1695813782062,1.2744141,0.19647217,0.034851074,16.828125,-10.234375,0.078125,Respeck,Descending stairs,-1,s1862623,,639
547,1695813782100,0.6882324,-0.08453369,-0.041809082,15.453125,-17.796875,2.15625,Respeck,Descending stairs,-1,s1862623,,640
548,1695813782136,0.7453613,-0.2630005,-0.0803833,27.8125,-12.875,7.296875,Respeck,Descending stairs,-1,s1862623,,641
549,1695813782175,0.9355469,-0.13189697,-0.018615723,20.828125,-21.234375,-0.421875,Respeck,Descending stairs,-1,s1862623,,642
550,1695813782212,0.83813477,-0.10040283,-0.008361816,16.21875,-10.140625,-10.96875,Respeck,Descending stairs,-1,s1862623,,643
551,1695813782249,0.53881836,-0.038879395,0.070739746,13.359375,-21.90625,-2.796875,Respeck,Descending stairs,-1,s1862623,,644
552,1695813782300,0.44848633,-0.090148926,-0.02130127,30.78125,9.53125,7.390625,Respeck,Descending stairs,-1,s1862623,,645
553,1695813782338,0.78564453,-0.09210205,0.13861084,-15.671875,16.5625,11.5625,Respeck,Descending stairs,-1,s1862623,,646
554,1695813782376,0.8718262,-0.40826416,0.01361084,17.8125,-17.609375,5.71875,Respeck,Descending stairs,-1,s1862623,,647
555,1695813782412,0.8171387,-0.45928955,0.043884277,-2.640625,-7.640625,-10.0625,Respeck,Descending stairs,-1,s1862623,,648
556,1695813782449,0.7487793,-0.08746338,0.0033569336,-6.78125,-8.8125,-11.28125,Respeck,Descending stairs,-1,s1862623,,649
557,1695813782487,0.55078125,-0.043762207,-0.12579346,6.3125,4.96875,-14.1875,Respeck,Descending stairs,-1,s1862623,,650
558,1695813782535,0.94433594,0.2074585,0.026550293,10.0625,17.078125,-6.40625,Respeck,Descending stairs,-1,s1862623,,651
559,1695813782574,1.999939,0.21575928,-0.027648926,13.640625,4.09375,17.375,Respeck,Descending stairs,-1,s1862623,,652
560,1695813782610,1.5153809,-0.22320557,0.09442139,-44.109375,4.875,15.6875,Respeck,Descending stairs,-1,s1862623,,653
561,1695813782649,0.96655273,-0.3352661,-0.073791504,10.265625,-8.40625,-5.734375,Respeck,Descending stairs,-1,s1862623,,654
562,1695813782686,1.2041016,-0.05303955,0.18060303,-6.375,20.828125,-23.015625,Respeck,Descending stairs,-1,s1862623,,655
563,1695813782724,1.135498,0.3336792,0.24627686,18.375,-6.8125,-6.953125,Respeck,Descending stairs,-1,s1862623,,656
564,1695813782775,0.68188477,0.026794434,0.034118652,10.03125,-11.21875,21.28125,Respeck,Descending stairs,-1,s1862623,,657
565,1695813782816,0.5197754,-0.25933838,-0.017150879,8.375,-7.140625,0.5,Respeck,Descending stairs,-1,s1862623,,658
566,1695813782848,0.5427246,-0.25323486,-0.06524658,10.28125,2.46875,-16.796875,Respeck,Descending stairs,-1,s1862623,,659
567,1695813782886,0.7558594,-0.014953613,0.15203857,11.015625,1.671875,-11.25,Respeck,Descending stairs,-1,s1862623,,660
568,1695813782923,0.8547363,0.16009521,0.09295654,2.234375,-0.5,-9.671875,Respeck,Descending stairs,-1,s1862623,,661
569,1695813782975,0.9265137,0.17572021,0.14276123,30.46875,-10.984375,2.15625,Respeck,Descending stairs,-1,s1862623,,662
570,1695813783012,0.9260254,-0.13336182,0.018981934,8.71875,2.546875,5.171875,Respeck,Descending stairs,-1,s1862623,,663
571,1695813783050,0.8967285,-0.28277588,-0.27471924,10.890625,8.0,19.828125,Respeck,Descending stairs,-1,s1862623,,664
572,1695813783087,1.3339844,-0.48687744,-0.46783447,27.21875,12.609375,17.84375,Respeck,Descending stairs,-1,s1862623,,665
573,1695813783124,1.8168945,-0.28033447,-0.07745361,10.84375,25.0,5.28125,Respeck,Descending stairs,-1,s1862623,,666
574,1695813783162,1.5083008,0.23236084,0.21942139,-20.0625,-13.65625,6.90625,Respeck,Descending stairs,-1,s1862623,,667
575,1695813783212,0.8105469,-0.3093872,-0.12896729,-4.875,-9.828125,25.21875,Respeck,Descending stairs,-1,s1862623,,668
576,1695813783250,0.56689453,-0.5928345,-0.21783447,1.828125,5.078125,4.828125,Respeck,Descending stairs,-1,s1862623,,669
577,1695813783289,1.0100098,-0.14483643,-0.014221191,4.1875,-7.453125,-13.078125,Respeck,Descending stairs,-1,s1862623,,670
578,1695813783324,1.1257324,0.26507568,0.12249756,-26.84375,-14.515625,2.421875,Respeck,Descending stairs,-1,s1862623,,671
579,1695813783361,0.47070312,0.039001465,0.12347412,1.1875,-25.765625,12.015625,Respeck,Descending stairs,-1,s1862623,,672
580,1695813783400,0.31958008,-0.4907837,-0.1194458,19.21875,-22.296875,6.6875,Respeck,Descending stairs,-1,s1862623,,673
581,1695813783487,0.6870117,-0.3928833,-0.0713501,-17.015625,-9.9375,-11.21875,Respeck,Descending stairs,-1,s1862623,,674
582,1695813783489,0.8210449,0.0048217773,0.07122803,-21.046875,-12.6875,-2.875,Respeck,Descending stairs,-1,s1862623,,675
583,1695813783523,0.7944336,0.15911865,-0.12579346,-3.296875,11.359375,-16.90625,Respeck,Descending stairs,-1,s1862623,,676
584,1695813783562,1.4714355,0.51605225,0.08538818,40.984375,31.828125,-13.296875,Respeck,Descending stairs,-1,s1862623,,677
585,1695813783613,1.8967285,0.022399902,0.13934326,-1.984375,17.578125,26.15625,Respeck,Descending stairs,-1,s1862623,,678
586,1695813783636,1.5544434,-0.49102783,-0.055725098,-31.765625,-20.953125,-11.09375,Respeck,Descending stairs,-1,s1862623,,679
587,1695813783686,1.1865234,-0.24761963,-0.0037231445,-15.34375,-10.703125,-14.796875,Respeck,Descending stairs,-1,s1862623,,680
588,1695813783736,1.248291,0.15814209,0.24749756,-19.609375,-2.984375,1.5625,Respeck,Descending stairs,-1,s1862623,,681
589,1695813783761,0.9580078,0.3632202,0.18011475,0.03125,-5.8125,9.15625,Respeck,Descending stairs,-1,s1862623,,682
590,1695813783799,0.55981445,-0.013977051,0.1918335,-3.625,-0.59375,6.984375,Respeck,Descending stairs,-1,s1862623,,683
591,1695813783836,0.45361328,-0.32403564,-0.013244629,13.9375,-0.984375,-3.671875,Respeck,Descending stairs,-1,s1862623,,684
592,1695813783875,0.5493164,-0.0071411133,0.08319092,3.28125,13.640625,-11.296875,Respeck,Descending stairs,-1,s1862623,,685
593,1695813783927,0.68725586,-0.005432129,0.14837646,-2.375,9.453125,-3.515625,Respeck,Descending stairs,-1,s1862623,,686
594,1695813783961,0.72558594,0.018737793,-0.034484863,19.421875,4.671875,-8.734375,Respeck,Descending stairs,-1,s1862623,,687
595,1695813783998,0.72631836,0.022399902,0.20892334,-1.3125,20.03125,-7.03125,Respeck,Descending stairs,-1,s1862623,,688
596,1695813784038,0.90283203,-0.11236572,0.024597168,23.78125,0.65625,-1.109375,Respeck,Descending stairs,-1,s1862623,,689
597,1695813784074,1.152832,-0.0569458,-0.1260376,27.734375,2.796875,-5.375,Respeck,Descending stairs,-1,s1862623,,690
598,1695813784111,1.095459,-0.15533447,-0.22613525,-2.609375,8.71875,4.09375,Respeck,Descending stairs,-1,s1862623,,691
599,1695813784162,1.8859863,-0.5401001,-0.38189697,16.15625,3.328125,11.890625,Respeck,Descending stairs,-1,s1862623,,692
600,1695813784199,1.7800293,-0.10308838,-0.0791626,-11.625,3.109375,-0.75,Respeck,Descending stairs,-1,s1862623,,693
601,1695813784237,1.4814453,0.042663574,0.2489624,-7.25,-13.0,-3.640625,Respeck,Descending stairs,-1,s1862623,,694
602,1695813784275,0.8977051,-0.4031372,-0.08721924,-2.421875,-6.53125,2.4375,Respeck,Descending stairs,-1,s1862623,,695
603,1695813784312,0.6994629,-0.1729126,0.007751465,-23.265625,-31.578125,3.484375,Respeck,Descending stairs,-1,s1862623,,696
604,1695813784349,0.7602539,-0.07354736,-0.14971924,8.453125,0.796875,0.78125,Respeck,Descending stairs,-1,s1862623,,697
605,1695813784398,0.58691406,0.1239624,-0.0005493164,-11.25,-11.765625,-6.8125,Respeck,Descending stairs,-1,s1862623,,698
606,1695813784438,0.42919922,0.09295654,0.06439209,13.234375,2.984375,5.515625,Respeck,Descending stairs,-1,s1862623,,699
607,1695813784473,0.41748047,-0.190979,0.019714355,2.84375,-5.859375,19.578125,Respeck,Descending stairs,-1,s1862623,,700
608,1695813784511,0.35107422,-0.45758057,-0.041809082,-2.640625,-1.765625,15.265625,Respeck,Descending stairs,-1,s1862623,,701
609,1695813784549,0.61816406,-0.18780518,-0.047912598,1.234375,1.421875,-11.484375,Respeck,Descending stairs,-1,s1862623,,702
610,1695813784599,0.826416,0.097839355,-0.0025024414,-8.5625,1.25,-15.640625,Respeck,Descending stairs,-1,s1862623,,703
611,1695813784639,1.1748047,0.2086792,-0.12872314,1.453125,11.515625,1.59375,Respeck,Descending stairs,-1,s1862623,,704
612,1695813784675,1.6872559,0.21600342,0.062683105,24.15625,14.03125,-4.3125,Respeck,Descending stairs,-1,s1862623,,705
613,1695813784711,1.999939,-0.28009033,0.13226318,-16.875,12.40625,3.40625,Respeck,Descending stairs,-1,s1862623,,706
614,1695813784749,1.1853027,-0.23736572,0.113220215,10.96875,-10.125,-2.28125,Respeck,Descending stairs,-1,s1862623,,707
615,1695813784786,1.0202637,-0.18951416,-0.07159424,13.46875,5.859375,-19.796875,Respeck,Descending stairs,-1,s1862623,,708
616,1695813784824,1.2055664,0.051452637,0.2658081,-9.96875,10.640625,6.890625,Respeck,Descending stairs,-1,s1862623,,709
617,1695813784874,0.96362305,-0.12335205,0.120788574,-3.671875,-22.03125,8.09375,Respeck,Descending stairs,-1,s1862623,,710
618,1695813784911,0.43164062,-0.3345337,-0.0095825195,-25.6875,-24.640625,-18.65625,Respeck,Descending stairs,-1,s1862623,,711
619,1695813784949,0.43066406,-0.13970947,0.09564209,-34.859375,-9.3125,-19.109375,Respeck,Descending stairs,-1,s1862623,,712
620,1695813784987,0.55566406,0.14471436,0.14886475,-14.0,-0.875,-6.71875,Respeck,Descending stairs,-1,s1862623,,713
621,1695813785025,0.6621094,0.24993896,0.137146,15.71875,6.609375,-9.59375,Respeck,Descending stairs,-1,s1862623,,714
622,1695813785070,1.2124023,0.05657959,0.070739746,12.8125,1.390625,6.28125,Respeck,Descending stairs,-1,s1862623,,715
623,1695813785123,1.1806641,-0.64508057,-0.39141846,22.90625,19.640625,23.578125,Respeck,Descending stairs,-1,s1862623,,716
624,1695813785148,1.0126953,-0.12164307,-0.12164307,4.03125,3.5625,2.171875,Respeck,Descending stairs,-1,s1862623,,717
625,1695813785185,1.8188477,-0.44366455,-0.33380127,28.203125,42.046875,9.5625,Respeck,Descending stairs,-1,s1862623,,718
626,1695813785224,1.7141113,-0.050598145,0.05731201,4.453125,-9.921875,10.484375,Respeck,Descending stairs,-1,s1862623,,719
627,1695813785260,1.2602539,-0.30426025,0.13079834,-27.453125,-2.671875,3.546875,Respeck,Descending stairs,-1,s1862623,,720
628,1695813785299,0.66918945,-0.48150635,-0.069885254,-12.8125,1.078125,2.109375,Respeck,Descending stairs,-1,s1862623,,721
629,1695813785349,0.5114746,-0.18170166,-0.026184082,-19.484375,-26.5625,-6.34375,Respeck,Descending stairs,-1,s1862623,,722
630,1695813785386,0.6113281,0.042175293,-0.11968994,-3.125,-10.03125,1.1875,Respeck,Descending stairs,-1,s1862623,,723
631,1695813785427,0.6503906,0.109313965,-0.019592285,2.765625,6.65625,8.265625,Respeck,Descending stairs,-1,s1862623,,724
632,1695813785462,0.58081055,-0.018371582,0.061462402,6.421875,-1.6875,16.9375,Respeck,Descending stairs,-1,s1862623,,725
633,1695813785499,0.7102051,-0.3821411,0.010925293,-3.0,-6.671875,15.390625,Respeck,Descending stairs,-1,s1862623,,726
634,1695813785537,0.71240234,-0.35357666,-0.07110596,1.0,-11.96875,-0.96875,Respeck,Descending stairs,-1,s1862623,,727
635,1695813785587,0.8552246,-0.19000244,-0.101135254,-0.59375,3.59375,-4.796875,Respeck,Descending stairs,-1,s1862623,,728
636,1695813785623,0.7988281,0.13128662,-0.10601807,8.359375,12.265625,-10.640625,Respeck,Descending stairs,-1,s1862623,,729
637,1695813785660,0.9223633,0.4484253,0.090026855,44.25,36.234375,18.65625,Respeck,Descending stairs,-1,s1862623,,730
638,1695813785710,1.8308105,0.3241577,-0.031066895,33.9375,20.484375,27.15625,Respeck,Descending stairs,-1,s1862623,,731
639,1695813785735,1.9707031,-0.4368286,-0.093566895,-6.0625,-2.421875,-10.375,Respeck,Descending stairs,-1,s1862623,,732
640,1695813785774,1.1518555,-0.019592285,-0.109191895,-21.203125,-10.546875,-11.03125,Respeck,Descending stairs,-1,s1862623,,733
641,1695813785824,1.0141602,0.27142334,0.13934326,-5.0625,2.25,-14.078125,Respeck,Descending stairs,-1,s1862623,,734
642,1695813785861,0.8000488,0.059020996,0.15252686,2.46875,-6.875,-8.109375,Respeck,Descending stairs,-1,s1862623,,735
643,1695813785900,0.6398926,-0.37384033,-0.059631348,3.953125,-20.046875,-5.828125,Respeck,Descending stairs,-1,s1862623,,736
644,1695813785937,0.43017578,-0.12408447,0.06072998,-18.125,-5.0,-29.25,Respeck,Descending stairs,-1,s1862623,,737
645,1695813785977,0.3984375,0.2802124,0.16473389,14.328125,-2.875,-18.578125,Respeck,Descending stairs,-1,s1862623,,738
646,1695813786013,0.7692871,0.276062,0.085876465,40.078125,-1.5,2.390625,Respeck,Descending stairs,-1,s1862623,,739
647,1695813786061,1.2067871,-0.09161377,0.055358887,35.1875,4.921875,2.84375,Respeck,Descending stairs,-1,s1862623,,740
648,1695813786099,1.1342773,-0.25958252,-0.25250244,30.84375,-12.890625,4.875,Respeck,Descending stairs,-1,s1862623,,741
649,1695813786143,0.6347656,-0.1572876,-0.32159424,18.640625,10.3125,1.0625,Respeck,Descending stairs,-1,s1862623,,742
650,1695813786174,1.0979004,0.007019043,0.16278076,22.28125,7.34375,14.578125,Respeck,Descending stairs,-1,s1862623,,743
651,1695813786213,1.999939,-0.51690674,-0.49517822,35.296875,5.296875,19.421875,Respeck,Descending stairs,-1,s1862623,,744
652,1695813786249,1.5561523,-0.15411377,0.012390137,9.15625,-49.234375,-2.859375,Respeck,Descending stairs,-1,s1862623,,745
653,1695813786299,0.9267578,0.09979248,0.14056396,-10.40625,-25.4375,-14.296875,Respeck,Descending stairs,-1,s1862623,,746
654,1695813786337,0.39013672,-0.08258057,0.08856201,10.75,5.25,5.84375,Respeck,Descending stairs,-1,s1862623,,747
655,1695813786375,0.3959961,-0.15997314,0.098083496,36.125,-32.546875,-0.328125,Respeck,Descending stairs,-1,s1862623,,748
656,1695813786412,0.8469238,-0.07501221,0.04486084,32.21875,10.234375,17.109375,Respeck,Descending stairs,-1,s1862623,,749
657,1695813786451,0.9206543,-0.016418457,0.058532715,8.53125,-12.15625,1.203125,Respeck,Descending stairs,-1,s1862623,,750
658,1695813786500,0.720459,-0.36114502,0.030456543,16.90625,-10.84375,-4.484375,Respeck,Descending stairs,-1,s1862623,,751
659,1695813786536,0.60546875,-0.25445557,-0.14654541,16.96875,-17.21875,-7.0,Respeck,Descending stairs,-1,s1862623,,752
660,1695813786575,0.54711914,0.18060303,0.15252686,26.375,-4.40625,-2.109375,Respeck,Descending stairs,-1,s1862623,,753
661,1695813786612,0.7145996,0.230896,-0.18414307,49.671875,10.703125,1.03125,Respeck,Descending stairs,-1,s1862623,,754
662,1695813786649,1.5078125,0.23480225,0.24749756,33.171875,19.25,-5.046875,Respeck,Descending stairs,-1,s1862623,,755
663,1695813786686,1.999939,0.070495605,0.1005249,11.875,3.015625,36.84375,Respeck,Descending stairs,-1,s1862623,,756
664,1695813786736,1.5026855,-0.24786377,0.074401855,24.15625,-26.703125,2.296875,Respeck,Descending stairs,-1,s1862623,,757
665,1695813786775,1.1918945,-0.29058838,0.20428467,22.453125,18.65625,-27.0625,Respeck,Descending stairs,-1,s1862623,,758
666,1695813786811,1.168457,0.06951904,0.13934326,44.53125,-18.75,7.984375,Respeck,Descending stairs,-1,s1862623,,759
667,1695813786849,0.7922363,0.094177246,0.12591553,18.390625,-4.8125,14.515625,Respeck,Descending stairs,-1,s1862623,,760
668,1695813786886,0.82421875,0.017028809,0.26507568,21.703125,17.203125,-6.421875,Respeck,Descending stairs,-1,s1862623,,761
669,1695813786926,0.75878906,0.062927246,0.05999756,29.421875,-0.09375,-5.640625,Respeck,Descending stairs,-1,s1862623,,762
670,1695813787013,0.59814453,0.13226318,0.15667725,35.390625,-1.421875,2.359375,Respeck,Descending stairs,-1,s1862623,,763
671,1695813787014,0.7932129,0.08905029,0.31195068,28.390625,-5.390625,2.9375,Respeck,Descending stairs,-1,s1862623,,764
672,1695813787048,1.1738281,-0.15240479,0.14837646,31.109375,-1.28125,-7.921875,Respeck,Descending stairs,-1,s1862623,,765
673,1695813787085,1.081543,-0.24517822,0.14129639,21.390625,1.09375,-17.453125,Respeck,Descending stairs,-1,s1862623,,766
674,1695813787124,0.8798828,-0.105285645,-0.01739502,21.859375,-28.703125,-18.171875,Respeck,Descending stairs,-1,s1862623,,767
675,1695813787161,1.2741699,-0.020080566,-0.2000122,45.3125,-13.484375,-10.15625,Respeck,Descending stairs,-1,s1862623,,768
676,1695813787211,1.3217773,0.27947998,-0.1663208,-7.515625,16.734375,20.140625,Respeck,Descending stairs,-1,s1862623,,769
677,1695813787251,1.1206055,-0.0010375977,-0.22076416,28.5625,-5.25,20.5625,Respeck,Descending stairs,-1,s1862623,,770
678,1695813787287,0.9057617,-0.49176025,-0.12310791,30.84375,26.15625,-13.234375,Respeck,Descending stairs,-1,s1862623,,771
679,1695813787325,1.2111816,0.17376709,0.078063965,35.390625,4.328125,5.484375,Respeck,Descending stairs,-1,s1862623,,772
680,1695813787361,1.1652832,0.16912842,-0.03375244,43.328125,-9.296875,-1.53125,Respeck,Descending stairs,-1,s1862623,,773
681,1695813787399,0.7651367,-0.1350708,-0.16973877,43.796875,-2.828125,-14.34375,Respeck,Descending stairs,-1,s1862623,,774
682,1695813787487,0.7229004,-0.26324463,-0.02178955,29.234375,4.640625,-10.015625,Respeck,Descending stairs,-1,s1862623,,775
683,1695813787489,0.81469727,-0.16558838,0.008239746,30.640625,-7.90625,-3.703125,Respeck,Descending stairs,-1,s1862623,,776
684,1695813787524,0.9128418,-0.26885986,-0.054748535,39.3125,-14.390625,-8.59375,Respeck,Descending stairs,-1,s1862623,,777
685,1695813787562,0.95532227,-0.25494385,0.015808105,22.234375,-16.671875,-4.296875,Respeck,Descending stairs,-1,s1862623,,778
686,1695813787599,0.953125,-0.124816895,0.081726074,24.4375,-22.59375,-2.25,Respeck,Descending stairs,-1,s1862623,,779
687,1695813787637,0.75927734,-0.05621338,0.031188965,19.21875,-26.515625,-2.953125,Respeck,Descending stairs,-1,s1862623,,780
688,1695813787688,0.36743164,-0.13824463,0.06854248,17.796875,-15.859375,8.125,Respeck,Descending stairs,-1,s1862623,,781
689,1695813787727,0.36401367,-0.2769165,0.039245605,7.1875,-0.625,15.390625,Respeck,Descending stairs,-1,s1862623,,782
690,1695813787761,0.55615234,-0.4763794,0.043640137,7.046875,-1.234375,3.296875,Respeck,Descending stairs,-1,s1862623,,783
691,1695813787799,0.8227539,-0.25543213,0.116882324,-7.640625,-8.9375,-7.9375,Respeck,Descending stairs,-1,s1862623,,784
692,1695813787839,0.9523926,-0.009094238,-0.3447876,7.625,-1.6875,-9.109375,Respeck,Descending stairs,-1,s1862623,,785
693,1695813787876,0.75439453,0.3007202,0.12445068,21.140625,20.609375,10.578125,Respeck,Descending stairs,-1,s1862623,,786
694,1695813787924,1.744873,0.53240967,0.101745605,31.984375,23.171875,15.75,Respeck,Descending stairs,-1,s1862623,,787
695,1695813787961,1.999939,-0.6321411,0.10223389,6.546875,12.625,23.25,Respeck,Descending stairs,-1,s1862623,,788
696,1695813787999,0.92749023,-0.42095947,0.018737793,-14.15625,-27.5,-11.84375,Respeck,Descending stairs,-1,s1862623,,789
697,1695813788039,0.8190918,-0.09088135,0.05731201,-11.265625,22.1875,-14.328125,Respeck,Descending stairs,-1,s1862623,,790
698,1695813788073,1.3071289,0.3114624,0.23651123,9.03125,-4.375,11.984375,Respeck,Descending stairs,-1,s1862623,,791
699,1695813788112,0.8479004,0.15447998,0.0692749,3.125,-18.859375,19.546875,Respeck,Descending stairs,-1,s1862623,,792
700,1695813788163,0.2849121,-0.25299072,0.09588623,-6.203125,-4.21875,1.5625,Respeck,Descending stairs,-1,s1862623,,793
701,1695813788200,0.27685547,-0.39801025,0.15960693,-1.703125,10.34375,-21.375,Respeck,Descending stairs,-1,s1862623,,794
702,1695813788237,0.69628906,-0.09503174,0.05267334,-1.734375,11.578125,-10.0625,Respeck,Descending stairs,-1,s1862623,,795
703,1695813788274,0.9472656,0.14251709,0.18426514,-14.578125,1.734375,-11.21875,Respeck,Descending stairs,-1,s1862623,,796
704,1695813788312,0.9904785,0.11126709,0.184021,-3.5625,7.296875,-11.9375,Respeck,Descending stairs,-1,s1862623,,797
705,1695813788349,0.85961914,-0.23345947,-0.101379395,-9.75,12.84375,-1.328125,Respeck,Descending stairs,-1,s1862623,,798
706,1695813788399,1.0007324,-0.22662354,-0.23980713,15.6875,6.953125,10.109375,Respeck,Descending stairs,-1,s1862623,,799
707,1695813788440,1.291748,0.14788818,-0.11553955,13.6875,5.296875,9.21875,Respeck,Descending stairs,-1,s1862623,,800
708,1695813788475,1.999939,-0.38946533,-0.4048462,27.984375,38.4375,19.484375,Respeck,Descending stairs,-1,s1862623,,801
709,1695813788512,1.3601074,-0.16168213,0.14715576,-18.90625,-22.671875,3.71875,Respeck,Descending stairs,-1,s1862623,,802
710,1695813788549,1.1030273,-0.55718994,-0.10699463,1.6875,-20.234375,-11.53125,Respeck,Descending stairs,-1,s1862623,,803
711,1695813788586,0.86083984,-0.18585205,0.018737793,-27.46875,-22.375,-0.984375,Respeck,Descending stairs,-1,s1862623,,804
712,1695813788637,0.6989746,0.07659912,0.051452637,-13.953125,-28.203125,16.734375,Respeck,Descending stairs,-1,s1862623,,805
713,1695813788674,0.61035156,-0.0037231445,-0.18292236,6.09375,12.671875,-3.6875,Respeck,Descending stairs,-1,s1862623,,806
714,1695813788711,0.52124023,0.014587402,0.0524292,2.265625,-16.28125,-6.71875,Respeck,Descending stairs,-1,s1862623,,807
715,1695813788749,0.6269531,-0.18023682,0.086120605,23.296875,-1.0,15.09375,Respeck,Descending stairs,-1,s1862623,,808
716,1695813788787,0.69091797,-0.2468872,-0.010070801,9.96875,-1.625,7.734375,Respeck,Descending stairs,-1,s1862623,,809
717,1695813788826,0.5280762,-0.23687744,0.055358887,-2.046875,-9.375,-4.484375,Respeck,Descending stairs,-1,s1862623,,810
718,1695813788874,0.76171875,-0.18218994,-0.14971924,6.078125,9.203125,-8.5,Respeck,Descending stairs,-1,s1862623,,811
719,1695813788912,1.0136719,0.07293701,-0.12945557,24.890625,18.171875,-18.171875,Respeck,Descending stairs,-1,s1862623,,812
720,1695813788950,1.6418457,0.47625732,0.16033936,39.6875,22.78125,6.203125,Respeck,Descending stairs,-1,s1862623,,813
721,1695813788989,1.6308594,0.01727295,-0.058410645,3.140625,6.265625,13.875,Respeck,Descending stairs,-1,s1862623,,814
722,1695813789023,1.5048828,-0.44122314,0.0602417,10.46875,4.078125,-12.359375,Respeck,Descending stairs,-1,s1862623,,815
723,1695813789062,1.2790527,-0.051818848,0.03265381,17.046875,-12.71875,-15.421875,Respeck,Descending stairs,-1,s1862623,,816
724,1695813789111,1.1018066,0.097351074,0.18670654,2.296875,-14.5625,-8.21875,Respeck,Descending stairs,-1,s1862623,,817
725,1695813789149,0.7770996,-0.12921143,0.11785889,17.046875,-10.828125,-2.03125,Respeck,Descending stairs,-1,s1862623,,818
726,1695813789186,0.53149414,-0.28692627,0.08441162,6.640625,-4.65625,-14.796875,Respeck,Descending stairs,-1,s1862623,,819
727,1695813789225,0.66137695,-0.11871338,0.15081787,12.625,-8.734375,-10.984375,Respeck,Descending stairs,-1,s1862623,,820
728,1695813789262,0.88256836,0.13861084,0.24432373,28.5,-9.15625,-11.21875,Respeck,Descending stairs,-1,s1862623,,821
729,1695813789298,0.7651367,0.028503418,0.1864624,6.96875,-14.640625,-7.828125,Respeck,Descending stairs,-1,s1862623,,822
730,1695813789348,0.54711914,-0.24127197,0.1630249,24.578125,-5.921875,-7.0,Respeck,Descending stairs,-1,s1862623,,823
731,1695813789386,0.6213379,-0.20831299,0.04119873,34.765625,-11.28125,-10.34375,Respeck,Descending stairs,-1,s1862623,,824
732,1695813790649,1.0117188,-0.05645752,0.2975464,-11.234375,0.578125,-10.171875,Respeck,Descending stairs,-1,s1862623,,856
733,1695813790686,1.0766602,-0.073791504,0.18475342,12.875,27.609375,-1.59375,Respeck,Descending stairs,-1,s1862623,,857
734,1695813790737,1.2241211,-0.28033447,-0.12359619,22.96875,11.125,9.59375,Respeck,Descending stairs,-1,s1862623,,858
735,1695813790775,1.659668,-0.19781494,-0.21929932,11.484375,30.609375,1.296875,Respeck,Descending stairs,-1,s1862623,,859
736,1695813790811,1.2929688,-0.24591064,0.0060424805,-6.25,25.46875,14.625,Respeck,Descending stairs,-1,s1862623,,860
737,1695813790849,1.3193359,-0.34747314,0.06341553,5.96875,-5.5,2.640625,Respeck,Descending stairs,-1,s1862623,,861
738,1695813790892,1.1584473,-0.16168213,0.031677246,-5.953125,-2.328125,2.78125,Respeck,Descending stairs,-1,s1862623,,862
739,1695813790924,0.96655273,-0.13531494,-0.017150879,0.15625,-5.328125,-2.5625,Respeck,Descending stairs,-1,s1862623,,863
740,1695813791023,0.8654785,-0.077697754,-0.02154541,-1.859375,6.640625,5.4375,Respeck,Descending stairs,-1,s1862623,,864
741,1695813791027,0.63623047,-0.022521973,0.0602417,10.484375,-14.28125,3.671875,Respeck,Descending stairs,-1,s1862623,,865
742,1695813791052,0.5385742,-0.14239502,0.05291748,2.015625,-10.140625,2.015625,Respeck,Descending stairs,-1,s1862623,,866
743,1695813791087,0.59472656,-0.17071533,0.043640137,8.75,-12.0,7.921875,Respeck,Descending stairs,-1,s1862623,,867
744,1695813791125,0.6694336,-0.17681885,-0.01373291,2.4375,-10.796875,11.671875,Respeck,Descending stairs,-1,s1862623,,868
745,1695813791162,0.69873047,-0.09454346,0.070739746,4.46875,-4.265625,-2.84375,Respeck,Descending stairs,-1,s1862623,,869
746,1695813791211,0.61816406,-0.25177002,0.17767334,9.015625,-9.4375,-2.703125,Respeck,Descending stairs,-1,s1862623,,870
747,1695813791251,0.66796875,-0.086242676,-0.10723877,13.4375,-3.46875,0.6875,Respeck,Descending stairs,-1,s1862623,,871
748,1695813791285,0.77685547,-0.028625488,0.08465576,14.5625,34.359375,-6.59375,Respeck,Descending stairs,-1,s1862623,,872
749,1695813791324,1.999939,-0.04864502,-0.09259033,16.609375,5.140625,-1.515625,Respeck,Descending stairs,-1,s1862623,,873
750,1695813791362,1.999939,0.14520264,0.105407715,-0.5625,12.015625,12.828125,Respeck,Descending stairs,-1,s1862623,,874
751,1695813791399,1.1369629,-0.16607666,0.13323975,-21.75,-7.34375,-6.5,Respeck,Descending stairs,-1,s1862623,,875
752,1695813791450,1.0825195,-0.36114502,-0.007385254,13.265625,-0.296875,-14.828125,Respeck,Descending stairs,-1,s1862623,,876
753,1695813791490,0.8383789,0.19110107,0.2267456,-2.84375,-9.640625,4.5625,Respeck,Descending stairs,-1,s1862623,,877
754,1695813791525,0.6010742,0.22454834,0.1149292,10.875,-18.0625,10.125,Respeck,Descending stairs,-1,s1862623,,878
755,1695813791561,0.54174805,-0.36895752,0.010925293,-3.765625,-4.109375,-2.328125,Respeck,Descending stairs,-1,s1862623,,879
756,1695813791601,0.6894531,-0.23614502,0.14764404,-8.21875,-4.59375,-19.984375,Respeck,Descending stairs,-1,s1862623,,880
757,1695813791637,0.69262695,0.12835693,0.2555542,-9.515625,-9.796875,-14.34375,Respeck,Descending stairs,-1,s1862623,,881
758,1695813791701,0.6425781,0.086120605,0.04144287,-16.0625,-4.046875,-8.234375,Respeck,Descending stairs,-1,s1862623,,882
759,1695813791725,0.64868164,-0.2600708,-0.105041504,-4.859375,11.1875,0.203125,Respeck,Descending stairs,-1,s1862623,,883
