,timestamp,accel_x,accel_y,accel_z,gyro_x,gyro_y,gyro_z,mag_x,mag_y,mag_z
0,1695728001149,-0.60546875,0.18652344,0.35546875,-25.90625,35.75,1.34375,0.0,0.0,0.0
1,1695728001209,-0.9296875,0.11816406,0.703125,-24.71875,15.0,5.25,0.0,0.0,0.0
2,1695728001230,-1.0390625,0.2783203,-0.3154297,-146.625,13.78125,-49.625,0.0,0.0,0.0
3,1695728001268,-1.4179688,0.26757812,0.6982422,145.0625,-71.28125,45.53125,0.0,0.0,0.0
4,1695728001308,-0.5908203,0.33496094,0.047851562,-64.78125,21.125,-9.34375,0.0,0.0,0.0
5,1695728001349,-1.1074219,-0.22460938,0.3173828,-86.0625,30.875,27.34375,0.0,0.0,0.0
6,1695728001391,-1.3789062,-0.38671875,0.36816406,20.3125,61.9375,-9.65625,0.0,0.0,0.0
7,1695728001429,-0.70996094,-0.029296875,0.3076172,38.25,46.75,-6.65625,-69.625,-1.75,-116.3125
8,1695728001469,-0.63671875,0.27929688,0.41601562,9.3125,48.65625,18.59375,0.0,0.0,0.0
9,1695728001509,-0.85253906,0.1796875,0.38183594,-26.125,39.125,6.34375,0.0,0.0,0.0
10,1695728001548,-1.0419922,-0.045898438,0.34960938,-50.4375,36.125,6.21875,0.0,0.0,0.0
11,1695728001589,-1.0517578,-0.030273438,0.5214844,-22.0625,-7.8125,11.53125,0.0,0.0,0.0
12,1695728001630,-1.1201172,0.16503906,-0.001953125,0.46875,-108.78125,36.78125,0.0,0.0,0.0
13,1695728001669,-1.4160156,0.21289062,0.609375,67.78125,-139.53125,10.375,0.0,0.0,0.0
14,1695728001709,-0.57128906,0.3779297,-0.0625,-81.875,-90.15625,14.34375,0.0,0.0,0.0
15,1695728001749,-1.0986328,0.45507812,0.44140625,124.875,-62.5625,54.8125,0.0,0.0,0.0
16,1695728001789,-1.2851562,0.17871094,0.18847656,-99.0625,12.625,-16.5625,0.0,0.0,0.0
17,1695728001829,-0.6269531,0.17285156,0.31152344,-24.78125,5.71875,-36.375,0.0,0.0,0.0
18,1695728001869,-0.5019531,0.20996094,0.20996094,-27.0,27.65625,-20.75,0.0,0.0,0.0
19,1695728001910,-0.42382812,0.2841797,0.16015625,-12.78125,46.625,2.84375,0.0,0.0,0.0
20,1695728001950,-0.5175781,0.20605469,0.29101562,37.9375,23.96875,34.15625,-67.625,-0.875,-110.625
21,1695728001990,-1.1650391,0.09375,1.3652344,78.0625,5.71875,14.5625,0.0,0.0,0.0
22,1695728002030,-1.3779297,0.23339844,-0.703125,-180.3125,1.53125,-41.75,0.0,0.0,0.0
23,1695728002070,-1.1425781,0.3330078,1.2568359,203.78125,-95.09375,25.75,0.0,0.0,0.0
24,1695728002112,-0.8408203,-0.009765625,-0.2705078,-72.40625,43.4375,-33.21875,0.0,0.0,0.0
25,1695728002150,-1.2050781,0.0859375,0.6044922,-9.96875,-5.1875,36.84375,0.0,0.0,0.0
26,1695728002194,-1.2275391,-0.13671875,0.2734375,17.8125,33.4375,3.65625,0.0,0.0,0.0
27,1695728002229,-0.7480469,0.02734375,0.20117188,-11.3125,41.625,-27.28125,0.0,0.0,0.0
28,1695728002270,-0.80371094,0.19238281,0.25585938,7.96875,40.875,3.84375,0.0,0.0,0.0
29,1695728002311,-1.0224609,0.14550781,0.3515625,1.4375,28.5625,11.71875,0.0,0.0,0.0
30,1695728002350,-0.7714844,0.15429688,0.33398438,-6.3125,30.8125,2.5625,0.0,0.0,0.0
31,1695728002389,-0.9765625,0.036132812,0.45898438,14.8125,51.4375,13.1875,0.0,0.0,0.0
32,1695728002429,-1.0917969,-0.040039062,0.65527344,12.1875,-7.03125,15.625,-70.1875,-0.875,-119.0
33,1695728002469,-1.453125,0.17089844,0.13769531,-84.125,-62.3125,1.8125,0.0,0.0,0.0
34,1695728002509,-1.0244141,0.28125,0.29785156,76.15625,-127.8125,2.125,0.0,0.0,0.0
35,1695728002550,-0.5878906,0.20605469,0.0078125,53.8125,-88.25,34.15625,0.0,0.0,0.0
36,1695728002590,-1.1494141,0.38085938,0.4970703,77.6875,-78.0,56.625,0.0,0.0,0.0
37,1695728002634,-1.1162109,0.34472656,0.37695312,-48.28125,1.8125,-19.46875,0.0,0.0,0.0
38,1695728002670,-0.62402344,0.16015625,0.27539062,-57.09375,25.3125,-58.125,0.0,0.0,0.0
39,1695728002710,-0.61328125,0.3095703,0.15917969,-63.90625,32.03125,-41.40625,0.0,0.0,0.0
40,1695728002750,-0.49316406,0.41308594,0.39941406,-42.6875,29.40625,-21.375,0.0,0.0,0.0
41,1695728002790,-0.47070312,0.21386719,0.40820312,3.78125,18.5625,13.96875,0.0,0.0,0.0
42,1695728002830,-0.8154297,0.08691406,0.6689453,45.9375,7.75,32.53125,0.0,0.0,0.0
43,1695728002871,-1.0214844,-0.29589844,0.5371094,-68.875,-9.65625,-5.625,0.0,0.0,0.0
44,1695728002912,-2.0,0.43847656,0.1796875,118.40625,25.9375,-24.0,0.0,0.0,0.0
45,1695728002949,-0.28808594,0.6152344,0.23242188,98.375,-34.78125,-11.25,-68.125,-1.4375,-112.375
46,1695728003010,-0.7080078,0.40820312,0.42773438,-91.875,53.65625,-0.5,0.0,0.0,0.0
47,1695728003028,-1.8691406,-0.3154297,0.115234375,-72.71875,54.125,15.5,0.0,0.0,0.0
48,1695728003090,-0.8261719,-0.09863281,0.2578125,2.5,42.84375,-31.4375,0.0,0.0,0.0
49,1695728003111,-0.65527344,0.021484375,0.18652344,23.0,51.5625,-3.84375,0.0,0.0,0.0
50,1695728003169,-0.9433594,0.3095703,0.28808594,31.40625,40.84375,30.375,0.0,0.0,0.0
51,1695728003189,-0.89160156,0.2763672,0.32128906,17.6875,43.8125,5.59375,0.0,0.0,0.0
52,1695728003230,-0.8886719,0.15136719,0.359375,-11.0,18.4375,10.3125,0.0,0.0,0.0
53,1695728003270,-0.7871094,0.05859375,0.36132812,-2.75,10.25,24.28125,0.0,0.0,0.0
54,1695728003309,-1.0400391,0.29882812,0.74609375,-48.46875,14.53125,22.4375,0.0,0.0,0.0
55,1695728003350,-1.7695312,-0.047851562,-0.19042969,-29.90625,-113.78125,54.3125,0.0,0.0,0.0
56,1695728003392,-0.9316406,0.53515625,0.25390625,93.75,-135.25,12.875,0.0,0.0,0.0
57,1695728003433,-0.6201172,0.2578125,0.33691406,65.59375,-96.5625,49.375,-67.5,3.0625,-113.875
58,1695728003474,-1.3759766,0.40527344,0.2265625,-12.78125,-52.8125,42.03125,0.0,0.0,0.0
59,1695728003510,-0.88964844,0.48632812,0.28125,-28.875,4.28125,-24.5,0.0,0.0,0.0
60,1695728003549,-0.5253906,0.18164062,0.17871094,-38.15625,5.4375,-28.625,0.0,0.0,0.0
61,1695728003595,-0.44140625,0.22753906,0.25683594,-45.0,20.875,-18.1875,0.0,0.0,0.0
62,1695728003630,-0.5029297,0.3154297,0.20800781,-61.125,45.15625,-3.1875,0.0,0.0,0.0
63,1695728003669,-0.7470703,0.21484375,0.34765625,-15.03125,49.375,7.875,0.0,0.0,0.0
64,1695728003712,-0.703125,0.087890625,0.80859375,16.03125,-1.71875,-6.0625,0.0,0.0,0.0
65,1695728003751,-0.8876953,0.4404297,-0.1796875,-93.21875,26.125,-40.0625,0.0,0.0,0.0
66,1695728003791,-1.8564453,0.17871094,0.34277344,76.46875,-43.78125,53.53125,0.0,0.0,0.0
67,1695728003810,-0.23535156,0.4423828,0.06640625,-83.875,-9.09375,-34.0,0.0,0.0,0.0
68,1695728003870,-1.1181641,-0.16503906,0.23535156,-81.75,53.46875,9.375,0.0,0.0,0.0
69,1695728003891,-1.6611328,-0.18164062,0.15332031,-0.0625,77.375,-8.0,0.0,0.0,0.0
70,1695728003949,-0.70410156,0.15429688,0.21679688,47.15625,33.5625,-23.4375,-68.5625,-1.0,-114.375
71,1695728003969,-0.5800781,0.35253906,0.35742188,20.0625,47.0,-0.0625,0.0,0.0,0.0
72,1695728004029,-0.953125,0.28515625,0.328125,15.25,20.625,11.71875,0.0,0.0,0.0
73,1695728004049,-0.89453125,0.022460938,0.3017578,0.09375,23.90625,2.90625,0.0,0.0,0.0
74,1695728004089,-0.82714844,0.015625,0.2939453,-9.0,6.65625,20.8125,0.0,0.0,0.0
75,1695728004130,-1.0361328,0.2607422,0.46289062,2.25,-15.5625,35.28125,0.0,0.0,0.0
76,1695728004172,-1.4433594,0.22558594,0.34375,-56.03125,-44.9375,20.9375,0.0,0.0,0.0
77,1695728004210,-1.2861328,0.3486328,-0.34179688,27.8125,-119.375,25.5625,0.0,0.0,0.0
78,1695728004250,-0.8388672,0.37890625,0.66503906,65.59375,-112.5,46.5625,0.0,0.0,0.0
79,1695728004293,-1.1152344,0.46484375,0.057617188,-52.1875,-40.34375,28.125,0.0,0.0,0.0
80,1695728004329,-1.0136719,0.3984375,0.3486328,-44.875,-3.375,-11.90625,0.0,0.0,0.0
81,1695728004370,-0.6513672,0.13378906,0.26757812,-33.03125,-6.59375,-33.625,0.0,0.0,0.0
82,1695728004429,-0.5546875,0.060546875,0.24707031,-33.03125,9.59375,-34.25,-64.0625,1.375,-108.9375
83,1695728004450,-0.359375,0.21484375,0.1953125,-42.1875,30.5625,-25.28125,0.0,0.0,0.0
84,1695728004490,-0.37304688,0.25976562,0.20800781,-16.25,73.59375,-9.28125,0.0,0.0,0.0
85,1695728004530,-0.70410156,0.23730469,0.47753906,42.96875,23.1875,2.4375,0.0,0.0,0.0
86,1695728004572,-1.8359375,0.5859375,1.265625,-16.0,-57.625,6.8125,0.0,0.0,0.0
87,1695728004610,-1.1035156,0.36035156,-0.29003906,46.625,-22.09375,28.3125,0.0,0.0,0.0
88,1695728004651,-0.23632812,0.47851562,0.4189453,-49.5625,-12.03125,-21.875,0.0,0.0,0.0
89,1695728004690,-1.1533203,-0.24121094,0.08300781,-81.6875,79.34375,0.96875,0.0,0.0,0.0
90,1695728004731,-1.4912109,-0.060546875,0.25390625,3.21875,46.75,14.5625,0.0,0.0,0.0
91,1695728004773,-0.8564453,0.15234375,0.15234375,32.75,29.28125,-14.53125,0.0,0.0,0.0
92,1695728004809,-0.6328125,0.2421875,0.27734375,33.0625,55.0,-20.40625,0.0,0.0,0.0
93,1695728004849,-1.1738281,0.21484375,0.22558594,0.71875,34.96875,5.375,0.0,0.0,0.0
94,1695728004890,-0.765625,0.11035156,0.31835938,-9.65625,29.34375,1.03125,0.0,0.0,0.0
95,1695728004949,-0.7167969,0.034179688,0.4453125,-2.625,16.46875,4.5,-69.875,0.625,-115.875
96,1695728004969,-1.0917969,0.19628906,0.49121094,-30.09375,22.46875,10.78125,0.0,0.0,0.0
97,1695728005010,-1.2587891,0.45703125,0.2841797,-21.75,-48.84375,35.375,0.0,0.0,0.0
98,1695728005049,-1.7871094,0.23339844,0.4501953,-42.4375,-115.3125,36.125,0.0,0.0,0.0
99,1695728005093,-0.6923828,0.4453125,-0.06738281,-14.40625,-170.15625,-11.78125,0.0,0.0,0.0
100,1695728005129,-0.22167969,0.08496094,0.14453125,57.90625,-74.09375,41.6875,0.0,0.0,0.0
101,1695728005170,-1.4980469,0.4345703,0.546875,-25.21875,-66.78125,66.8125,0.0,0.0,0.0
102,1695728005211,-0.9941406,0.41210938,0.13378906,-27.125,34.1875,-35.96875,0.0,0.0,0.0
103,1695728005250,-0.43652344,0.15527344,0.17578125,-31.03125,14.875,-52.375,0.0,0.0,0.0
104,1695728005290,-0.34472656,0.11425781,0.2265625,-58.65625,56.75,-35.40625,0.0,0.0,0.0
105,1695728005330,-0.3857422,0.2109375,0.25585938,-36.4375,95.34375,-13.625,0.0,0.0,0.0
106,1695728005370,-0.6904297,0.0107421875,0.54003906,25.1875,90.8125,-4.46875,0.0,0.0,0.0
107,1695728005430,-1.6972656,0.5498047,1.2919922,-46.03125,-71.59375,10.96875,-67.625,-1.4375,-111.0625
108,1695728005451,-1.3847656,0.4580078,-0.14453125,142.0,-22.53125,4.3125,0.0,0.0,0.0
109,1695728005489,-0.34277344,0.28710938,0.38378906,-45.0,-27.65625,-22.15625,0.0,0.0,0.0
110,1695728005530,-1.2148438,0.026367188,0.18457031,-47.25,77.21875,1.53125,0.0,0.0,0.0
111,1695728005572,-1.3662109,-0.0146484375,0.30566406,2.1875,42.125,11.65625,0.0,0.0,0.0
112,1695728005612,-0.88671875,-0.018554688,0.12695312,36.78125,32.09375,-29.96875,0.0,0.0,0.0
113,1695728005649,-0.6894531,0.1796875,0.23535156,6.28125,60.96875,-20.59375,0.0,0.0,0.0
114,1695728005691,-0.9863281,0.38476562,0.25683594,-13.625,43.21875,17.6875,0.0,0.0,0.0
115,1695728005729,-0.88183594,0.11230469,0.36132812,13.0625,23.3125,10.0,0.0,0.0,0.0
116,1695728005790,-0.84765625,-0.16894531,0.3671875,7.96875,19.03125,7.8125,0.0,0.0,0.0
117,1695728005952,-0.8496094,0.0126953125,0.18359375,-10.8125,22.59375,-4.71875,-66.625,0.9375,-112.6875
118,1695728005955,-1.2509766,0.5566406,0.640625,21.09375,-19.84375,32.09375,0.0,0.0,0.0
119,1695728005958,-1.2851562,0.5732422,0.22851562,-48.34375,-126.65625,59.1875,0.0,0.0,0.0
120,1695728005969,-1.2763672,0.17675781,0.16699219,30.125,-157.65625,43.15625,0.0,0.0,0.0
121,1695728005978,-0.52441406,0.16015625,0.15234375,15.0625,-91.75,32.46875,0.0,0.0,0.0
122,1695728006009,-1.359375,0.29589844,0.37597656,-15.03125,-35.21875,39.125,0.0,0.0,0.0
123,1695728006050,-1.0273438,0.41210938,0.30566406,-18.5625,1.40625,-28.40625,0.0,0.0,0.0
124,1695728006090,-0.38378906,0.23046875,0.20996094,-22.09375,-9.59375,-29.25,0.0,0.0,0.0
125,1695728006130,-0.4423828,0.18457031,0.2548828,-30.21875,15.0625,-3.5625,0.0,0.0,0.0
126,1695728006170,-0.5136719,0.1640625,0.22363281,-15.8125,35.53125,3.34375,0.0,0.0,0.0
127,1695728006210,-0.58203125,0.12597656,0.33789062,-0.8125,46.625,-14.15625,0.0,0.0,0.0
128,1695728006250,-0.81152344,0.055664062,0.5703125,9.5625,36.1875,-38.28125,0.0,0.0,0.0
129,1695728006290,-1.1542969,0.14355469,0.8613281,-22.09375,40.28125,-54.625,0.0,0.0,0.0
130,1695728006332,-2.0,0.8066406,-0.43945312,25.875,75.25,-29.96875,0.0,0.0,0.0
131,1695728006370,0.0146484375,0.86328125,0.29589844,115.09375,-80.4375,-9.15625,0.0,0.0,0.0
132,1695728006429,-0.4140625,0.109375,0.18847656,-81.9375,68.96875,-0.375,-66.875,-1.9375,-111.375
133,1695728006449,-2.0,-0.3046875,0.3154297,-4.15625,53.78125,65.34375,0.0,0.0,0.0
134,1695728006489,-0.9824219,0.06640625,0.17480469,35.25,38.5625,-36.4375,0.0,0.0,0.0
135,1695728006529,-0.4580078,0.25390625,0.3076172,24.40625,42.78125,-30.65625,0.0,0.0,0.0
136,1695728006570,-0.83691406,0.28808594,0.29101562,-25.71875,27.71875,20.3125,0.0,0.0,0.0
137,1695728006611,-0.98535156,0.25195312,0.25195312,-15.53125,38.21875,6.53125,0.0,0.0,0.0
138,1695728006650,-0.7714844,0.10839844,0.42773438,15.1875,15.4375,13.78125,0.0,0.0,0.0
139,1695728006691,-0.88183594,0.03515625,0.29882812,-45.0625,10.75,11.90625,0.0,0.0,0.0
140,1695728006730,-1.0595703,0.26953125,0.2861328,-17.90625,26.3125,12.0625,0.0,0.0,0.0
141,1695728006771,-1.8164062,0.40527344,0.203125,-22.96875,-30.78125,21.84375,0.0,0.0,0.0
142,1695728006810,-1.1171875,0.29003906,0.14355469,69.6875,-119.8125,38.6875,0.0,0.0,0.0
143,1695728006850,-0.4892578,0.39941406,0.22070312,58.09375,-130.375,69.5,0.0,0.0,0.0
144,1695728006890,-1.1474609,0.50390625,0.234375,-57.375,-34.375,56.5,0.0,0.0,0.0
145,1695728006950,-1.1445312,0.3623047,0.18652344,-87.65625,7.6875,5.96875,-61.8125,3.3125,-108.0625
146,1695728006969,-0.7167969,0.04296875,0.16601562,-52.6875,1.46875,-18.9375,0.0,0.0,0.0
147,1695728007010,-0.3330078,0.15429688,0.17675781,-31.3125,12.15625,-14.90625,0.0,0.0,0.0
148,1695728007050,-0.4453125,0.29882812,0.20214844,-19.65625,29.34375,4.75,0.0,0.0,0.0
149,1695728007091,-0.7558594,0.20214844,0.27148438,-4.15625,48.8125,4.875,0.0,0.0,0.0
150,1695728007129,-0.7089844,0.30371094,0.43945312,-19.125,36.5625,-20.15625,0.0,0.0,0.0
151,1695728007190,-1.0322266,0.3173828,0.93847656,-11.1875,-15.75,-12.40625,0.0,0.0,0.0
152,1695728007209,-1.8339844,0.546875,-0.2783203,-51.03125,80.375,-35.03125,0.0,0.0,0.0
153,1695728007248,-0.4111328,0.53515625,0.15332031,24.03125,-56.9375,9.03125,0.0,0.0,0.0
154,1695728007289,-0.48339844,-0.037109375,0.18554688,8.09375,47.34375,-1.53125,0.0,0.0,0.0
155,1695728007333,-1.5537109,0.043945312,0.39257812,-14.0,70.0625,11.78125,0.0,0.0,0.0
156,1695728007371,-1.2158203,0.07128906,0.12109375,12.6875,40.34375,-22.71875,0.0,0.0,0.0
157,1695728007451,-0.54003906,0.17089844,0.10644531,35.03125,42.71875,-32.71875,-68.125,-0.875,-110.0
158,1695728007453,-0.76171875,0.3798828,0.22363281,34.34375,24.46875,9.5,0.0,0.0,0.0
159,1695728007493,-1.0097656,0.28808594,0.3857422,6.28125,20.875,12.6875,0.0,0.0,0.0
160,1695728007530,-0.7753906,0.20800781,0.34179688,-0.6875,5.625,22.28125,0.0,0.0,0.0
161,1695728007572,-0.85546875,0.1640625,0.5341797,31.25,8.90625,17.5,0.0,0.0,0.0
162,1695728007610,-1.0986328,0.5097656,0.43066406,-67.21875,-17.8125,22.5,0.0,0.0,0.0
163,1695728007651,-1.2431641,0.34570312,0.23828125,33.75,-119.625,86.65625,0.0,0.0,0.0
164,1695728007696,-1.6230469,0.20019531,0.36328125,-21.375,-143.4375,49.625,0.0,0.0,0.0
165,1695728007750,-0.6201172,0.31445312,0.14941406,19.21875,-115.0,10.1875,0.0,0.0,0.0
166,1695728007769,-1.0712891,0.49609375,0.20019531,-51.71875,-23.8125,3.84375,0.0,0.0,0.0
167,1695728007811,-1.0126953,0.40234375,0.38183594,-19.90625,-24.28125,-19.84375,0.0,0.0,0.0
168,1695728007850,-0.4560547,0.18945312,0.3017578,-78.03125,10.25,-53.46875,0.0,0.0,0.0
169,1695728007893,-0.47460938,0.11035156,0.10644531,-41.875,42.28125,-32.78125,0.0,0.0,0.0
170,1695728007952,-0.53222656,0.10839844,0.16796875,-8.875,49.5,-31.03125,-64.0625,0.625,-103.6875
171,1695728007972,-0.44335938,0.19042969,0.28125,-0.1875,61.6875,-21.125,0.0,0.0,0.0
172,1695728008009,-0.81640625,0.33496094,0.69628906,48.5,-3.0,7.5625,0.0,0.0,0.0
173,1695728008050,-0.94628906,0.2421875,0.4970703,22.9375,-3.0,-1.53125,0.0,0.0,0.0
174,1695728008092,-2.0,0.91796875,0.7626953,41.125,59.5625,-34.4375,0.0,0.0,0.0
175,1695728008131,-0.2529297,0.4404297,-0.21679688,-50.0625,-25.09375,-58.0,0.0,0.0,0.0
176,1695728008170,-0.3623047,0.2685547,0.35839844,79.875,27.34375,26.78125,0.0,0.0,0.0
177,1695728008214,-1.7783203,0.043945312,0.3310547,-7.28125,54.3125,74.6875,0.0,0.0,0.0
178,1695728008250,-1.1396484,0.14160156,0.22363281,-10.5625,47.25,-29.96875,0.0,0.0,0.0
179,1695728008290,-0.42382812,0.17382812,0.328125,8.71875,53.03125,-35.40625,0.0,0.0,0.0
180,1695728008332,-0.7529297,0.12109375,0.18164062,13.0625,16.59375,8.53125,0.0,0.0,0.0
181,1695728008373,-1.1279297,0.22363281,0.22949219,8.90625,40.71875,5.71875,0.0,0.0,0.0
182,1695728008430,-0.8886719,0.36816406,0.37402344,-0.875,7.5625,4.1875,-67.625,-0.875,-113.4375
183,1695728008449,-0.7246094,0.17480469,0.19042969,-40.40625,17.75,4.8125,0.0,0.0,0.0
184,1695728008490,-0.99316406,0.109375,0.6376953,-63.96875,15.0,9.75,0.0,0.0,0.0
185,1695728008530,-1.2363281,0.24316406,0.047851562,-47.75,-39.75,33.3125,0.0,0.0,0.0
186,1695728008570,-1.9169922,0.35351562,0.99121094,131.40625,-113.53125,59.5,0.0,0.0,0.0
187,1695728008614,-0.76171875,0.4296875,-0.1953125,-141.0625,-133.65625,-7.8125,0.0,0.0,0.0
188,1695728008650,-0.53027344,0.17089844,-0.125,124.25,-79.96875,28.96875,0.0,0.0,0.0
189,1695728008691,-1.2705078,0.4765625,0.4482422,-5.75,-69.21875,30.375,0.0,0.0,0.0
190,1695728008730,-0.81933594,0.3642578,0.296875,-30.96875,9.875,-17.03125,0.0,0.0,0.0
191,1695728008769,-0.55859375,0.18652344,0.23632812,-36.34375,9.6875,-15.21875,0.0,0.0,0.0
192,1695728008809,-0.46484375,0.17382812,0.21582031,-28.6875,29.78125,-14.34375,0.0,0.0,0.0
193,1695728008849,-0.43847656,0.26660156,0.20214844,-43.90625,48.875,-7.6875,0.0,0.0,0.0
194,1695728008890,-0.6748047,0.20800781,0.25878906,-1.84375,61.6875,9.9375,0.0,0.0,0.0
195,1695728008952,-1.0029297,0.1796875,0.85253906,38.4375,21.34375,1.15625,-65.6875,1.5625,-104.625
196,1695728008971,-1.5234375,0.4111328,0.33007812,-50.71875,10.3125,-24.0,0.0,0.0,0.0
197,1695728009011,-1.0175781,0.59472656,0.24316406,52.90625,7.125,-9.09375,0.0,0.0,0.0
198,1695728009052,-0.4794922,0.5332031,0.19726562,-21.0625,9.53125,-2.4375,0.0,0.0,0.0
199,1695728009091,-1.1201172,0.078125,0.25390625,-21.5625,67.1875,10.5625,0.0,0.0,0.0
200,1695728009130,-1.2548828,0.03515625,0.15039062,-16.0625,59.0625,4.4375,0.0,0.0,0.0
201,1695728009189,-1.0214844,0.10546875,0.19140625,7.375,50.65625,-15.4375,0.0,0.0,0.0
202,1695728009209,-0.73046875,0.28515625,0.21972656,16.65625,47.65625,-6.53125,0.0,0.0,0.0
203,1695728009250,-0.77246094,0.23925781,0.2626953,-4.40625,24.03125,2.3125,0.0,0.0,0.0
204,1695728009289,-0.78808594,0.080078125,0.27929688,-27.53125,27.8125,-5.6875,0.0,0.0,0.0
205,1695728009330,-0.875,-0.091796875,0.4267578,-54.34375,33.0625,-9.28125,0.0,0.0,0.0
206,1695728009370,-1.0849609,0.016601562,0.47070312,-104.03125,16.40625,-19.1875,0.0,0.0,0.0
207,1695728009431,-1.2558594,0.47558594,0.42871094,-35.0,-24.125,-5.1875,-69.625,-3.875,-111.8125
208,1695728009449,-1.6113281,1.0146484,-0.25585938,-3.4375,-125.5625,67.96875,0.0,0.0,0.0
209,1695728009489,-1.0439453,0.3017578,0.328125,59.8125,-163.40625,53.875,0.0,0.0,0.0
210,1695728009530,-0.5966797,0.0546875,0.3408203,-30.84375,-76.25,39.71875,0.0,0.0,0.0
211,1695728009569,-1.2304688,0.5498047,0.2265625,-58.0,-27.71875,41.0,0.0,0.0,0.0
212,1695728009609,-0.8388672,0.20996094,0.26464844,-46.21875,4.5,-23.8125,0.0,0.0,0.0
213,1695728009649,-0.16699219,0.024414062,0.21777344,-49.625,11.71875,-22.15625,0.0,0.0,0.0
214,1695728009709,-0.23535156,0.07910156,0.22070312,-16.3125,44.3125,17.5625,0.0,0.0,0.0
215,1695728009729,-0.5498047,0.041992188,0.3828125,-11.3125,50.40625,11.84375,0.0,0.0,0.0
216,1695728009789,-0.8408203,0.043945312,0.8613281,28.0,15.0,-17.03125,0.0,0.0,0.0
217,1695728009808,-1.6953125,0.37304688,0.56933594,-39.8125,-17.03125,-31.75,0.0,0.0,0.0
218,1695728009849,-1.2763672,0.6972656,0.359375,123.8125,2.375,-42.1875,0.0,0.0,0.0
219,1695728009891,-0.49023438,0.5283203,0.08496094,7.6875,-5.5625,-0.375,0.0,0.0,0.0
220,1695728009951,-1.0380859,0.22167969,0.14746094,-42.96875,46.625,36.78125,-63.875,-3.125,-103.25
221,1695728009969,-1.5820312,-0.30078125,0.25585938,-14.65625,53.09375,19.53125,0.0,0.0,0.0
222,1695728010010,-1.0058594,0.16015625,0.14550781,16.84375,57.84375,-21.25,0.0,0.0,0.0
223,1695728010051,-0.63964844,0.3642578,0.23828125,34.71875,50.40625,-10.03125,0.0,0.0,0.0
224,1695728010110,-0.6972656,0.1875,0.33398438,-4.03125,33.75,8.53125,0.0,0.0,0.0
225,1695728010129,-0.8857422,-0.0390625,0.34960938,-20.03125,30.875,5.71875,0.0,0.0,0.0
226,1695728010171,-1.0673828,-0.046875,0.41503906,-66.46875,27.53125,-22.15625,0.0,0.0,0.0
227,1695728010216,-0.8261719,0.19433594,0.36132812,-76.90625,20.125,-68.125,0.0,0.0,0.0
228,1695728010249,-0.92285156,0.59765625,0.44628906,-1.46875,-37.40625,28.8125,0.0,0.0,0.0
229,1695728010289,-1.6992188,0.5253906,-0.056640625,-5.3125,-37.125,48.4375,0.0,0.0,0.0
230,1695728010329,-1.4345703,-0.08984375,1.078125,157.09375,-145.15625,33.125,0.0,0.0,0.0
231,1695728010369,-0.61328125,0.22167969,-0.30371094,-24.78125,-111.09375,29.90625,0.0,0.0,0.0
232,1695728010430,-1.1738281,0.9082031,0.5761719,118.625,-43.9375,69.3125,-62.375,0.0625,-101.4375
233,1695728010449,-0.88378906,0.39160156,0.2421875,-95.03125,-8.78125,5.96875,0.0,0.0,0.0
234,1695728010490,-0.5185547,-0.046875,0.15332031,-48.28125,8.90625,-17.09375,0.0,0.0,0.0
235,1695728010533,-0.50097656,0.017578125,0.20214844,-23.03125,25.5625,14.34375,0.0,0.0,0.0
236,1695728010571,-0.3779297,0.25097656,0.22265625,-18.6875,38.4375,22.75,0.0,0.0,0.0
237,1695728010610,-0.6777344,0.25390625,0.45214844,5.59375,62.0,12.875,0.0,0.0,0.0
238,1695728010651,-0.9667969,0.14160156,0.7910156,8.65625,-7.03125,4.25,0.0,0.0,0.0
239,1695728010690,-1.0791016,0.28320312,0.25585938,-12.09375,37.59375,-36.375,0.0,0.0,0.0
240,1695728010733,-1.7744141,0.66796875,0.60253906,-9.28125,-18.3125,-25.03125,0.0,0.0,0.0
241,1695728010771,-0.6044922,0.40429688,-0.030273438,-2.6875,-5.9375,-10.6875,0.0,0.0,0.0
242,1695728010810,-0.65722656,0.32617188,0.40039062,34.59375,35.46875,16.34375,0.0,0.0,0.0
243,1695728010850,-1.5214844,0.15136719,0.20605469,-13.0625,59.125,37.21875,0.0,0.0,0.0
244,1695728010892,-1.1962891,0.0390625,0.18554688,-22.40625,52.78125,-31.4375,0.0,0.0,0.0
245,1695728010950,-0.64160156,0.29882812,0.2890625,-5.4375,62.4375,-33.09375,-65.6875,-3.875,-102.9375
246,1695728010969,-0.72265625,0.20214844,0.22265625,-40.3125,53.15625,3.90625,0.0,0.0,0.0
247,1695728011012,-0.88378906,0.11621094,0.3876953,-25.65625,44.25,4.625,0.0,0.0,0.0
248,1695728011052,-0.8466797,0.20507812,0.31054688,-35.78125,39.53125,11.53125,0.0,0.0,0.0
249,1695728011092,-0.93066406,0.2939453,0.54589844,-35.84375,2.5625,26.71875,0.0,0.0,0.0
250,1695728011131,-0.89746094,0.38671875,0.54296875,-94.0625,-33.6875,26.28125,0.0,0.0,0.0
251,1695728011170,-1.6289062,0.32714844,-0.32714844,-13.8125,-70.625,56.9375,0.0,0.0,0.0
252,1695728011212,-1.1464844,0.072265625,0.77734375,113.03125,-143.875,57.375,0.0,0.0,0.0
253,1695728011252,-0.6464844,0.1640625,-0.08691406,-8.4375,-94.0,35.03125,0.0,0.0,0.0
254,1695728011289,-1.3574219,0.7050781,0.5859375,4.8125,-18.3125,29.71875,0.0,0.0,0.0
255,1695728011330,-1.0224609,0.4580078,0.10839844,-84.375,5.3125,-12.15625,0.0,0.0,0.0
256,1695728011370,-0.49121094,0.22363281,0.14257812,-63.1875,7.25,-33.59375,0.0,0.0,0.0
257,1695728011430,-0.29589844,0.18652344,0.14648438,-32.375,15.3125,10.25,-57.875,-4.0,-95.75
258,1695728011451,-0.5341797,0.15234375,0.35351562,-13.0,26.0625,35.4375,0.0,0.0,0.0
259,1695728011490,-0.6855469,0.11230469,0.43554688,-17.09375,57.25,8.28125,0.0,0.0,0.0
260,1695728011530,-1.0654297,0.140625,0.8222656,-8.6875,23.5625,1.625,0.0,0.0,0.0
261,1695728011570,-1.1787109,0.47070312,-0.0703125,-28.6875,10.25,-2.5625,0.0,0.0,0.0
262,1695728011610,-1.1455078,0.671875,0.50097656,86.53125,29.125,-15.09375,0.0,0.0,0.0
263,1695728011651,-0.7734375,0.44921875,0.15429688,-54.03125,37.46875,-28.5625,0.0,0.0,0.0
264,1695728011690,-0.9980469,0.22363281,0.33398438,-18.03125,32.71875,9.28125,0.0,0.0,0.0
265,1695728011731,-1.1220703,-0.14648438,0.123046875,-34.5,65.5625,12.125,0.0,0.0,0.0
266,1695728011770,-1.0771484,0.0546875,0.19921875,-4.03125,63.21875,-28.40625,0.0,0.0,0.0
267,1695728011811,-0.83984375,0.21679688,0.14257812,-15.21875,68.96875,-20.6875,0.0,0.0,0.0
268,1695728011849,-0.7998047,0.39648438,0.23339844,13.78125,37.40625,4.5,0.0,0.0,0.0
269,1695728011890,-0.7792969,0.33398438,0.3173828,-10.4375,49.375,-4.96875,0.0,0.0,0.0
270,1695728011950,-1.1298828,0.13964844,0.37597656,-78.75,48.03125,9.8125,-70.625,-6.125,-106.125
271,1695728011970,-0.9824219,0.12890625,0.19921875,-105.78125,23.3125,-20.59375,0.0,0.0,0.0
272,1695728012010,-0.7216797,0.25585938,0.3671875,15.6875,6.46875,15.8125,0.0,0.0,0.0
273,1695728012050,-1.7949219,0.15625,0.095703125,-47.1875,-93.625,63.84375,0.0,0.0,0.0
274,1695728012091,-0.8515625,0.28710938,-0.044921875,119.90625,-123.71875,26.71875,0.0,0.0,0.0
275,1695728012131,-0.484375,0.27148438,0.39257812,128.34375,-124.9375,105.15625,0.0,0.0,0.0
276,1695728012173,-1.2529297,0.64453125,0.17089844,-107.625,-27.34375,70.1875,0.0,0.0,0.0
277,1695728012210,-1.1494141,0.29101562,0.19726562,-67.40625,9.28125,7.625,0.0,0.0,0.0
278,1695728012249,-0.57128906,0.06542969,0.12890625,-76.125,5.6875,-20.03125,0.0,0.0,0.0
279,1695728012290,-0.6640625,0.19042969,0.25683594,-38.53125,33.1875,-12.34375,0.0,0.0,0.0
280,1695728012329,-0.6279297,0.28808594,0.27734375,-24.71875,45.46875,-18.875,0.0,0.0,0.0
281,1695728012370,-0.6699219,0.17578125,0.37402344,-30.40625,58.09375,-22.34375,0.0,0.0,0.0
282,1695728012410,-0.70214844,0.18261719,0.45898438,-61.34375,23.0,-25.71875,-65.125,-9.6875,-97.875
283,1695728012450,-1.0507812,0.7236328,-0.07910156,-39.5,9.53125,-10.375,0.0,0.0,0.0
284,1695728012490,-1.7900391,0.26367188,0.1015625,-12.40625,-21.5625,31.46875,0.0,0.0,0.0
285,1695728012530,-0.28515625,0.5078125,0.33496094,20.8125,-2.8125,-12.28125,0.0,0.0,0.0
286,1695728012570,-0.84277344,0.021484375,0.20019531,-131.0,52.3125,-5.0625,0.0,0.0,0.0
287,1695728012610,-1.7275391,0.0146484375,0.2763672,-53.25,67.125,-7.46875,0.0,0.0,0.0
288,1695728012651,-0.796875,0.12207031,0.080078125,6.875,42.0625,-22.34375,0.0,0.0,0.0
289,1695728012695,-0.6611328,0.33007812,0.15234375,20.0,42.71875,8.59375,0.0,0.0,0.0
290,1695728012730,-0.9951172,0.45898438,0.3017578,-4.40625,39.4375,26.90625,0.0,0.0,0.0
291,1695728012770,-0.8496094,0.3642578,0.34277344,-65.25,52.84375,2.0625,0.0,0.0,0.0
292,1695728012813,-0.74902344,-0.001953125,0.25097656,-68.5625,30.75,25.1875,0.0,0.0,0.0
293,1695728012850,-1.0078125,0.15136719,0.4892578,-41.53125,-8.375,55.21875,0.0,0.0,0.0
294,1695728012896,-1.3652344,0.5439453,0.63964844,-47.0625,-68.71875,83.0,0.0,0.0,0.0
295,1695728012933,-1.5166016,0.36132812,-0.19921875,-25.15625,-167.59375,50.96875,-70.1875,-11.1875,-100.6875
296,1695728012972,-0.44140625,0.234375,0.109375,79.9375,-110.71875,42.40625,0.0,0.0,0.0
297,1695728013011,-1.1230469,0.35742188,0.33691406,-55.96875,-32.15625,57.65625,0.0,0.0,0.0
298,1695728013050,-1.1767578,0.6738281,0.26757812,-45.3125,-13.0625,15.96875,0.0,0.0,0.0
299,1695728013093,-0.4716797,0.28808594,0.18945312,-68.0625,3.40625,-26.75,0.0,0.0,0.0
300,1695728013130,-0.4140625,-0.021484375,0.052734375,-49.8125,23.0625,1.6875,0.0,0.0,0.0
301,1695728013170,-0.48046875,0.13378906,0.24902344,-15.34375,27.15625,11.84375,0.0,0.0,0.0
302,1695728013210,-0.44921875,0.3232422,0.40527344,-62.5,96.75,-19.96875,0.0,0.0,0.0
303,1695728013250,-0.8232422,0.39160156,0.39257812,5.25,21.0625,-5.375,0.0,0.0,0.0
304,1695728013291,-0.9511719,0.26367188,0.3046875,-84.125,52.4375,-23.15625,0.0,0.0,0.0
305,1695728013339,-1.7822266,0.3798828,0.06347656,-144.71875,37.59375,-47.1875,0.0,0.0,0.0
306,1695728013369,-0.4716797,0.60546875,0.29785156,76.15625,-16.90625,-9.46875,0.0,0.0,0.0
307,1695728013432,-0.45117188,0.29492188,0.3564453,-12.65625,36.4375,19.28125,-69.3125,-18.5625,-96.375
308,1695728013452,-1.5996094,0.09863281,0.17675781,-89.625,63.96875,36.5,0.0,0.0,0.0
309,1695728013490,-1.0820312,-0.038085938,0.23828125,-29.5625,53.34375,-31.0625,0.0,0.0,0.0
310,1695728013531,-0.64453125,0.10546875,0.35546875,-32.78125,55.0625,-46.53125,0.0,0.0,0.0
311,1695728013573,-0.9345703,0.33789062,0.21777344,-64.09375,68.71875,-0.1875,0.0,0.0,0.0
312,1695728013613,-0.7529297,0.4326172,0.24609375,11.53125,46.875,2.6875,0.0,0.0,0.0
313,1695728013651,-0.7216797,0.3828125,0.2763672,-13.125,47.25,11.71875,0.0,0.0,0.0
314,1695728013694,-1.0576172,0.19042969,0.390625,-56.28125,53.15625,14.15625,0.0,0.0,0.0
315,1695728013732,-1.1328125,0.23046875,0.3046875,-117.6875,-19.09375,1.53125,0.0,0.0,0.0
316,1695728013771,-1.3076172,0.18554688,-0.0029296875,-83.5,-106.375,72.9375,0.0,0.0,0.0
317,1695728013810,-1.1962891,0.4423828,0.39160156,102.40625,-156.5625,71.78125,0.0,0.0,0.0
318,1695728013853,-0.66015625,0.026367188,0.11425781,5.46875,-131.28125,85.5,0.0,0.0,0.0
319,1695728013890,-1.1171875,0.53027344,0.3232422,-28.09375,-28.625,56.625,0.0,0.0,0.0
320,1695728013929,-1.0888672,0.5986328,0.32128906,-58.25,-0.25,6.9375,-66.0,-16.0,-95.625
321,1695728013969,-0.5957031,0.10058594,0.22949219,-53.0,10.875,-13.0625,0.0,0.0,0.0
322,1695728014009,-0.4970703,0.055664062,0.23339844,-26.0625,29.90625,-1.71875,0.0,0.0,0.0
323,1695728014049,-0.48242188,0.27929688,0.19921875,-34.4375,60.90625,-3.71875,0.0,0.0,0.0
324,1695728014090,-0.68847656,0.30371094,0.21484375,-28.03125,62.5,-10.5625,0.0,0.0,0.0
325,1695728014131,-0.82128906,0.29101562,0.44433594,-32.125,43.625,-26.4375,0.0,0.0,0.0
326,1695728014172,-0.91503906,0.31347656,0.68359375,-16.5625,10.875,-24.59375,0.0,0.0,0.0
327,1695728014210,-1.1806641,0.53515625,-0.35351562,-14.1875,60.0625,-33.34375,0.0,0.0,0.0
328,1695728014270,-1.1386719,0.3623047,0.43066406,50.59375,-29.1875,-1.21875,0.0,0.0,0.0
329,1695728014310,-0.671875,0.1953125,0.38085938,-13.625,-7.8125,4.8125,0.0,0.0,0.0
330,1695728014329,-0.9003906,0.37402344,0.076171875,-68.0625,58.90625,-8.75,0.0,0.0,0.0
331,1695728014370,-1.3701172,0.34375,0.24414062,-3.8125,55.90625,6.46875,0.0,0.0,0.0
332,1695728014409,-0.8125,0.083984375,-0.0107421875,-43.15625,63.59375,-19.25,-73.8125,-24.4375,-105.5
333,1695728014449,-0.78515625,0.2548828,0.19140625,22.03125,44.375,5.65625,0.0,0.0,0.0
334,1695728014490,-0.8691406,0.35253906,0.3984375,-23.4375,30.625,11.53125,0.0,0.0,0.0
335,1695728014530,-0.95996094,0.17675781,0.2529297,-44.5625,48.40625,11.9375,0.0,0.0,0.0
336,1695728014569,-0.95996094,0.109375,0.26464844,-33.53125,14.78125,22.09375,0.0,0.0,0.0
337,1695728014612,-0.8984375,0.18847656,0.16601562,-37.6875,30.15625,17.1875,0.0,0.0,0.0
338,1695728014652,-1.3320312,0.35253906,0.5361328,-7.03125,5.625,38.3125,0.0,0.0,0.0
339,1695728014693,-1.7988281,0.48046875,0.12109375,-82.71875,-101.3125,62.0625,0.0,0.0,0.0
340,1695728014729,-0.53222656,0.3154297,-0.3251953,1.875,-96.75,27.5625,0.0,0.0,0.0
341,1695728014769,-0.5253906,0.30566406,0.6230469,196.875,-157.96875,114.84375,0.0,0.0,0.0
342,1695728014832,-1.3701172,0.4404297,-0.059570312,-141.8125,-17.65625,67.125,0.0,0.0,0.0
343,1695728014851,-1.0009766,0.3388672,0.3388672,-24.84375,-11.0625,-14.90625,0.0,0.0,0.0
344,1695728014890,-0.5732422,0.0126953125,0.24023438,-45.5,-3.84375,-26.625,0.0,0.0,0.0
345,1695728014930,-0.609375,0.12207031,0.2529297,-21.0,32.15625,-31.25,-70.8125,-20.375,-99.8125
346,1695728014970,-0.609375,0.28808594,0.37695312,-47.25,49.5,-51.15625,0.0,0.0,0.0
347,1695728015017,-0.7529297,0.24609375,0.29882812,-23.875,48.59375,-76.65625,0.0,0.0,0.0
348,1695728015050,-0.6826172,0.072265625,0.37695312,-0.25,-1.03125,-63.84375,0.0,0.0,0.0
349,1695728015090,-0.93066406,0.5751953,0.3251953,-40.1875,-1.15625,-18.4375,0.0,0.0,0.0
350,1695728015129,-1.2558594,1.2304688,0.15527344,167.53125,-19.59375,45.59375,0.0,0.0,0.0
351,1695728015170,-0.86621094,-0.060546875,0.20800781,-61.90625,14.8125,-25.15625,0.0,0.0,0.0
352,1695728015212,-1.0214844,-0.029296875,0.22265625,-50.3125,37.96875,-25.78125,0.0,0.0,0.0
353,1695728015250,-1.2285156,0.14453125,0.19628906,-36.40625,52.0625,-16.25,0.0,0.0,0.0
354,1695728015293,-0.9746094,0.13671875,0.17871094,41.0,44.90625,-12.65625,0.0,0.0,0.0
355,1695728015330,-0.7001953,0.40820312,0.2607422,52.59375,54.25,0.0625,0.0,0.0,0.0
356,1695728015370,-0.83203125,0.33398438,0.3125,22.3125,46.1875,19.21875,0.0,0.0,0.0
357,1695728015411,-0.90234375,0.23242188,0.41210938,-12.28125,55.71875,8.90625,-75.4375,-26.5,-111.5
358,1695728015449,-0.97265625,0.026367188,0.36523438,-75.34375,33.625,13.0,0.0,0.0,0.0
359,1695728015493,-1.0019531,0.053710938,0.39648438,-50.375,-4.21875,20.4375,0.0,0.0,0.0
360,1695728015532,-1.7373047,0.25097656,0.34472656,-16.4375,-78.0625,40.15625,0.0,0.0,0.0
361,1695728015571,-0.8984375,0.8017578,-0.1953125,-5.5625,-137.21875,38.25,0.0,0.0,0.0
362,1695728015614,-0.49414062,0.16796875,0.36621094,156.65625,-203.25,118.46875,0.0,0.0,0.0
363,1695728015654,-1.4326172,0.2939453,0.08984375,-216.3125,-8.375,70.3125,0.0,0.0,0.0
364,1695728015692,-1.2001953,0.3564453,0.31152344,-18.625,-33.75,-14.96875,0.0,0.0,0.0
365,1695728015730,-0.41601562,0.018554688,0.2783203,-18.375,-26.96875,-33.59375,0.0,0.0,0.0
366,1695728015770,-0.36035156,0.20117188,0.2841797,-21.25,29.28125,-26.3125,0.0,0.0,0.0
367,1695728015811,-0.56933594,0.4033203,0.33789062,-28.53125,40.21875,-15.15625,0.0,0.0,0.0
368,1695728015850,-0.91015625,0.37597656,0.4873047,-51.34375,68.46875,-32.3125,0.0,0.0,0.0
369,1695728015893,-0.4892578,0.20410156,0.23730469,-54.21875,37.90625,-34.875,0.0,0.0,0.0
370,1695728015931,-0.38671875,0.16308594,0.5751953,-12.40625,30.5,-17.03125,-72.4375,-27.6875,-104.75
371,1695728015972,-0.7373047,0.048828125,-0.09277344,-19.4375,75.4375,-31.3125,0.0,0.0,0.0
372,1695728016030,-2.0,0.80371094,0.45898438,56.375,50.59375,9.34375,0.0,0.0,0.0
373,1695728016049,0.043945312,0.24121094,0.17480469,40.40625,-65.5625,-10.25,0.0,0.0,0.0
374,1695728016092,-0.5878906,0.047851562,0.2763672,-90.65625,51.15625,-19.3125,0.0,0.0,0.0
375,1695728016134,-1.8867188,0.22363281,0.17773438,-45.84375,70.5625,15.1875,0.0,0.0,0.0
376,1695728016170,-0.8544922,0.01171875,0.07910156,9.5,28.75,-28.34375,0.0,0.0,0.0
377,1695728016210,-0.67578125,0.15722656,0.10644531,20.96875,47.34375,-8.6875,0.0,0.0,0.0
378,1695728016250,-0.9423828,0.3466797,0.36523438,16.53125,18.5625,20.6875,0.0,0.0,0.0
379,1695728016291,-0.9140625,0.17578125,0.25878906,-39.375,67.0625,-18.0,0.0,0.0,0.0
380,1695728016333,-0.9980469,0.021484375,0.31933594,-51.53125,52.96875,-11.125,0.0,0.0,0.0
381,1695728016370,-1.0878906,0.22460938,0.42773438,-6.0625,-33.625,8.34375,0.0,0.0,0.0
382,1695728016411,-0.99902344,0.36816406,0.7998047,20.875,-95.59375,39.0625,-76.5,-29.9375,-116.75
383,1695728016469,-1.4833984,0.29003906,-0.0146484375,-12.78125,-171.21875,81.71875,0.0,0.0,0.0
384,1695728016490,-0.7421875,0.29589844,-0.31347656,1.21875,-106.625,50.40625,0.0,0.0,0.0
385,1695728016530,-1.2675781,0.15722656,0.98339844,-7.71875,-107.71875,43.09375,0.0,0.0,0.0
386,1695728016590,-1.0537109,0.4326172,0.1875,-32.65625,-40.59375,-3.25,0.0,0.0,0.0
387,1695728016611,-0.5439453,0.15625,0.24804688,-18.75,-19.71875,-23.3125,0.0,0.0,0.0
388,1695728016650,-0.37304688,0.0078125,0.20117188,-23.6875,17.03125,-13.8125,0.0,0.0,0.0
389,1695728016690,-0.50390625,0.22460938,0.28515625,-22.15625,47.46875,-6.84375,0.0,0.0,0.0
390,1695728016730,-0.46875,0.42089844,0.11035156,-0.125,59.375,-16.0,0.0,0.0,0.0
391,1695728016770,-0.59472656,0.38183594,0.49902344,33.25,47.0625,16.40625,0.0,0.0,0.0
392,1695728016810,-1.1972656,0.5488281,1.2050781,5.90625,-3.65625,13.90625,0.0,0.0,0.0
393,1695728016850,-1.2558594,0.095703125,-0.6738281,-30.21875,45.78125,-19.96875,0.0,0.0,0.0
394,1695728016893,-1.2021484,0.13476562,0.30566406,60.09375,-23.625,0.84375,0.0,0.0,0.0
395,1695728016930,-0.546875,0.32910156,0.25097656,-16.375,32.40625,-11.53125,-73.8125,-26.1875,-107.625
396,1695728016970,-1.1279297,0.036132812,0.29589844,-56.53125,66.65625,2.4375,0.0,0.0,0.0
397,1695728017010,-1.3837891,0.024414062,0.19628906,-12.78125,75.5,-24.65625,0.0,0.0,0.0
398,1695728017050,-0.6845703,0.12988281,0.1484375,33.0625,58.28125,-23.6875,0.0,0.0,0.0
399,1695728017090,-0.5878906,0.30273438,0.21289062,29.15625,50.15625,1.03125,0.0,0.0,0.0
400,1695728017130,-1.0263672,0.25683594,0.39453125,24.65625,37.09375,16.59375,0.0,0.0,0.0
401,1695728017170,-1.0087891,0.09863281,0.42089844,-10.34375,35.875,2.0625,0.0,0.0,0.0
402,1695728017210,-0.8798828,0.041015625,0.23535156,-6.71875,17.9375,3.90625,0.0,0.0,0.0
403,1695728017250,-0.99609375,0.15234375,0.3359375,-31.25,4.4375,9.28125,0.0,0.0,0.0
404,1695728017292,-1.2949219,0.45117188,0.7626953,-36.40625,-70.5625,24.46875,0.0,0.0,0.0
405,1695728017331,-1.4804688,0.41503906,-0.31054688,44.34375,-204.21875,52.53125,0.0,0.0,0.0
406,1695728017370,-0.4970703,0.18847656,0.24511719,97.28125,-143.9375,30.15625,0.0,0.0,0.0
407,1695728017410,-0.95410156,0.453125,0.20117188,-71.25,-16.1875,23.90625,-73.0625,-23.375,-105.8125
408,1695728017449,-1.2548828,0.5205078,0.41601562,-6.65625,-26.96875,9.09375,0.0,0.0,0.0
409,1695728017489,-0.6982422,0.17675781,0.13476562,-47.1875,3.21875,-42.5625,0.0,0.0,0.0
410,1695728017529,-0.51464844,0.059570312,0.21679688,-30.59375,27.53125,-25.53125,0.0,0.0,0.0
411,1695728017569,-0.49804688,0.2861328,0.16113281,-30.46875,50.78125,-6.125,0.0,0.0,0.0
412,1695728017612,-0.5888672,0.23339844,0.30371094,-2.53125,76.53125,-14.28125,0.0,0.0,0.0
413,1695728017650,-0.6591797,0.22460938,0.5341797,5.84375,3.90625,-28.09375,0.0,0.0,0.0
414,1695728017691,-0.56933594,0.125,0.2861328,-2.9375,27.59375,-9.96875,0.0,0.0,0.0
415,1695728017731,-2.0,1.0712891,0.6464844,239.625,-0.25,82.3125,0.0,0.0,0.0
416,1695728017770,-0.70703125,0.1640625,-0.041992188,-11.0,-17.34375,-27.71875,0.0,0.0,0.0
417,1695728017813,-0.4892578,0.01171875,-0.07421875,-114.53125,17.8125,-39.8125,0.0,0.0,0.0
418,1695728017849,-1.5224609,0.028320312,0.19238281,-18.875,88.6875,-15.03125,0.0,0.0,0.0
419,1695728017891,-1.3105469,0.21679688,-0.032226562,51.875,47.0,-4.34375,0.0,0.0,0.0
420,1695728017931,-0.59277344,0.39746094,0.072265625,76.9375,50.21875,-30.90625,-76.9375,-26.8125,-114.375
421,1695728017971,-0.73046875,0.41601562,0.4140625,12.4375,45.65625,-12.21875,0.0,0.0,0.0
422,1695728018013,-0.9980469,0.09863281,0.22363281,-32.96875,52.1875,-0.5625,0.0,0.0,0.0
423,1695728018054,-0.96875,-0.0068359375,0.39160156,18.84375,23.6875,14.15625,0.0,0.0,0.0
424,1695728018089,-0.9091797,0.025390625,0.31445312,2.3125,23.625,0.84375,0.0,0.0,0.0
425,1695728018131,-1.0341797,0.41308594,0.7001953,-10.8125,-24.40625,10.25,0.0,0.0,0.0
426,1695728018171,-1.2451172,0.9873047,-0.3203125,-109.6875,-83.875,65.84375,0.0,0.0,0.0
427,1695728018211,-1.4238281,-0.076171875,0.0234375,91.71875,-148.5625,92.75,0.0,0.0,0.0
428,1695728018251,-0.7607422,0.11425781,0.21191406,-133.375,-99.0,5.71875,0.0,0.0,0.0
429,1695728018290,-1.2226562,0.19628906,0.38183594,72.6875,-54.3125,32.53125,0.0,0.0,0.0
430,1695728018329,-1.0019531,0.59765625,0.22851562,-31.625,-38.9375,1.15625,0.0,0.0,0.0
431,1695728018370,-0.5185547,0.20507812,0.21386719,3.59375,-16.46875,-32.3125,0.0,0.0,0.0
432,1695728018410,-0.50683594,0.13183594,0.26953125,-21.625,21.0625,-18.5,-71.125,-22.9375,-103.875
433,1695728018450,-0.5058594,0.26171875,0.20507812,-47.6875,68.0625,-20.875,0.0,0.0,0.0
434,1695728018493,-0.5058594,0.31152344,0.23828125,-30.03125,96.6875,-38.59375,0.0,0.0,0.0
435,1695728018531,-0.7207031,0.24804688,0.41796875,7.0625,25.5,-19.71875,0.0,0.0,0.0
436,1695728018571,-0.9560547,0.072265625,0.6796875,27.09375,-30.28125,-2.9375,0.0,0.0,0.0
437,1695728018609,-1.9121094,0.21679688,-0.16113281,-63.3125,83.96875,-60.4375,0.0,0.0,0.0
438,1695728018651,-0.30859375,0.6230469,0.043945312,28.5625,-115.1875,-20.6875,0.0,0.0,0.0
439,1695728018690,-0.17382812,0.296875,0.25,45.09375,7.75,-2.15625,0.0,0.0,0.0
440,1695728018733,-1.7792969,0.017578125,0.2763672,-29.375,83.25,32.46875,0.0,0.0,0.0
441,1695728018770,-1.2832031,0.1875,0.23535156,28.5625,31.78125,-21.8125,0.0,0.0,0.0
442,1695728018811,-0.5097656,0.13671875,0.18066406,30.3125,35.09375,-33.625,0.0,0.0,0.0
443,1695728018854,-0.74121094,0.25878906,0.26464844,17.875,51.9375,4.1875,0.0,0.0,0.0
444,1695728018889,-1.0976562,0.37597656,0.25976562,10.53125,55.15625,9.21875,0.0,0.0,0.0
445,1695728018929,-0.9140625,0.23242188,0.38476562,21.59375,56.75,-0.4375,-76.0625,-27.6875,-114.5
446,1695728018970,-0.8496094,0.14648438,0.59472656,-8.3125,23.4375,7.9375,0.0,0.0,0.0
447,1695728019011,-1.1542969,0.34277344,0.5419922,-63.1875,-31.125,27.34375,0.0,0.0,0.0
448,1695728019050,-1.7470703,0.16015625,0.01953125,-32.53125,-160.96875,58.21875,0.0,0.0,0.0
449,1695728019089,-0.6982422,0.28710938,-0.28222656,24.21875,-151.625,21.09375,0.0,0.0,0.0
450,1695728019130,-0.5810547,0.5029297,0.5107422,122.1875,-136.59375,52.46875,0.0,0.0,0.0
451,1695728019170,-1.5703125,0.3720703,0.099609375,-81.3125,-43.8125,20.3125,0.0,0.0,0.0
452,1695728019229,-0.9707031,0.30566406,0.3359375,-29.375,-14.71875,-39.6875,0.0,0.0,0.0
453,1695728019250,-0.39453125,0.14160156,0.12207031,-43.21875,-7.75,-38.53125,0.0,0.0,0.0
454,1695728019290,-0.4921875,0.27539062,0.3310547,-41.9375,45.21875,-6.0625,0.0,0.0,0.0
455,1695728019331,-0.58984375,0.26464844,0.25976562,-36.34375,68.65625,2.1875,0.0,0.0,0.0
456,1695728019370,-0.5654297,0.060546875,0.3388672,15.96875,78.1875,-7.6875,0.0,0.0,0.0
457,1695728019409,-0.7128906,0.06347656,0.5029297,11.03125,21.71875,-14.21875,-72.625,-29.375,-108.0625
458,1695728019449,-0.7421875,0.29101562,0.13574219,-66.84375,47.1875,-35.71875,0.0,0.0,0.0
459,1695728019489,-2.0,1.1162109,0.9082031,152.15625,-93.9375,52.65625,0.0,0.0,0.0
460,1695728019529,-0.0048828125,0.36328125,0.018554688,-15.8125,-36.5625,-4.28125,0.0,0.0,0.0
461,1695728019570,-0.6738281,-0.3720703,0.14355469,-28.9375,66.78125,-2.6875,0.0,0.0,0.0
462,1695728019610,-2.0,-0.2763672,0.020507812,-11.375,75.875,25.125,0.0,0.0,0.0
463,1695728019652,-1.2011719,0.30371094,0.17480469,55.28125,22.03125,-30.53125,0.0,0.0,0.0
464,1695728019696,-0.4169922,0.51660156,0.34375,59.96875,77.3125,-44.03125,0.0,0.0,0.0
465,1695728019731,-0.8808594,0.20410156,0.22851562,20.8125,47.0,-1.21875,0.0,0.0,0.0
466,1695728019770,-0.9921875,0.12695312,0.19140625,-14.0625,60.46875,-1.84375,0.0,0.0,0.0
467,1695728019810,-0.83203125,0.18847656,0.46777344,2.5,52.65625,3.15625,0.0,0.0,0.0
468,1695728019852,-0.93066406,0.060546875,0.625,-9.53125,10.375,12.625,0.0,0.0,0.0
469,1695728019890,-1.0595703,0.08300781,0.51464844,-28.40625,-25.21875,11.28125,0.0,0.0,0.0
470,1695728019930,-1.3339844,0.5703125,-0.13476562,14.21875,-131.46875,49.71875,-74.375,-27.875,-117.375
471,1695728019969,-0.88378906,0.6308594,-0.15234375,40.875,-156.9375,56.8125,0.0,0.0,0.0
472,1695728020009,-1.0292969,0.5058594,0.5888672,57.96875,-122.9375,81.34375,0.0,0.0,0.0
473,1695728020051,-1.3330078,0.35351562,0.09472656,-118.375,-55.96875,26.71875,0.0,0.0,0.0
474,1695728020090,-0.8652344,0.26171875,0.16113281,-62.4375,-32.21875,-24.1875,0.0,0.0,0.0
475,1695728020130,-0.5605469,0.095703125,0.21875,1.4375,-31.3125,-4.65625,0.0,0.0,0.0
476,1695728020169,-0.53808594,0.26171875,0.36132812,-19.3125,24.15625,-23.3125,0.0,0.0,0.0
477,1695728020209,-0.5107422,0.34765625,0.18554688,-20.09375,81.59375,-42.625,0.0,0.0,0.0
478,1695728020250,-0.7714844,0.02734375,0.5908203,53.28125,61.59375,-29.84375,0.0,0.0,0.0
479,1695728020291,-0.7216797,0.0546875,0.28515625,-90.21875,62.375,-114.03125,0.0,0.0,0.0
480,1695728020330,-0.19335938,0.39746094,-0.026367188,-71.125,104.0625,-73.75,0.0,0.0,0.0
481,1695728020370,-2.0,1.7294922,1.3183594,376.5625,-175.78125,238.5,0.0,0.0,0.0
482,1695728020410,-0.6230469,-0.36328125,-0.25683594,-142.90625,27.03125,16.53125,-70.0625,-26.0625,-105.9375
483,1695728020453,-0.82421875,-0.19042969,0.21191406,-57.6875,49.125,-22.09375,0.0,0.0,0.0
484,1695728020510,-1.7519531,-0.32421875,0.23535156,-33.9375,53.78125,-39.0625,0.0,0.0,0.0
485,1695728020529,-1.1103516,0.42089844,0.16210938,53.75,30.9375,-16.90625,0.0,0.0,0.0
486,1695728020569,-0.5751953,0.6279297,0.27246094,48.3125,60.90625,-25.65625,0.0,0.0,0.0
487,1695728020612,-0.9326172,0.39941406,0.29003906,-7.28125,56.40625,18.84375,0.0,0.0,0.0
488,1695728020652,-1.0507812,-0.05078125,0.24316406,-7.9375,81.46875,11.03125,0.0,0.0,0.0
489,1695728020689,-0.8886719,-0.13574219,0.34179688,3.15625,63.96875,-4.21875,0.0,0.0,0.0
490,1695728020730,-0.8779297,0.087890625,0.39257812,-7.9375,30.4375,-15.28125,0.0,0.0,0.0
491,1695728020810,-1.2470703,0.76953125,0.72558594,41.0625,-50.84375,39.0,0.0,0.0,0.0
492,1695728020813,-1.3730469,0.32128906,-0.10546875,-53.0625,-188.96875,72.1875,0.0,0.0,0.0
493,1695728020851,-0.7314453,0.3359375,0.24414062,62.3125,-161.5625,67.1875,0.0,0.0,0.0
494,1695728020890,-0.80859375,0.29785156,0.21777344,-93.75,-64.28125,46.0,0.0,0.0,0.0
495,1695728020930,-1.3857422,0.36328125,0.453125,-37.71875,-53.90625,27.21875,-70.9375,-23.375,-104.75
496,1695728020976,-1.0400391,0.28027344,0.16503906,-63.1875,7.125,-40.90625,0.0,0.0,0.0
497,1695728021010,-0.45410156,0.18164062,0.2919922,-34.8125,-4.34375,-19.40625,0.0,0.0,0.0
498,1695728021049,-0.56152344,0.21679688,0.3720703,-30.28125,35.875,-14.84375,0.0,0.0,0.0
499,1695728021089,-0.5019531,0.25878906,0.33496094,6.40625,74.34375,-14.21875,0.0,0.0,0.0
500,1695728021132,-0.6044922,0.13085938,0.40527344,17.5,64.5,-17.96875,0.0,0.0,0.0
501,1695728021172,-0.58691406,0.0546875,0.41796875,-28.875,46.125,-19.25,0.0,0.0,0.0
502,1695728021210,-0.77734375,0.13769531,0.5048828,-31.1875,24.53125,-12.21875,0.0,0.0,0.0
503,1695728021249,-2.0,1.1269531,0.2890625,188.28125,2.6875,38.1875,0.0,0.0,0.0
504,1695728021294,-0.32714844,0.3564453,0.072265625,-40.96875,-26.4375,-21.6875,0.0,0.0,0.0
505,1695728021330,-0.33496094,0.1171875,0.23046875,4.1875,18.0,-7.34375,0.0,0.0,0.0
506,1695728021369,-2.0,-0.3828125,0.24023438,-56.40625,71.65625,10.0625,0.0,0.0,0.0
507,1695728021410,-1.0498047,0.09472656,0.125,59.625,46.6875,-14.21875,-73.9375,-29.6875,-111.5
508,1695728021454,-0.54785156,0.234375,0.24023438,70.1875,58.15625,-25.46875,0.0,0.0,0.0
509,1695728021490,-0.91015625,0.11230469,0.15136719,27.875,36.625,-0.5625,0.0,0.0,0.0
510,1695728021530,-1.1152344,0.19726562,0.17285156,21.71875,61.65625,-2.625,0.0,0.0,0.0
511,1695728021590,-0.86035156,0.24316406,0.33496094,53.75,39.125,1.6875,0.0,0.0,0.0
512,1695728021610,-0.82714844,0.18261719,0.29882812,-29.6875,58.96875,-18.3125,0.0,0.0,0.0
513,1695728021652,-1.0566406,0.2763672,0.41601562,7.96875,-5.625,18.3125,0.0,0.0,0.0
514,1695728021689,-1.5673828,0.46777344,0.0859375,-1.40625,-91.25,59.3125,0.0,0.0,0.0
515,1695728021730,-0.8359375,0.38183594,-0.18847656,44.25,-118.78125,43.75,0.0,0.0,0.0
516,1695728021770,-1.0703125,0.46191406,0.39160156,83.3125,-92.03125,74.34375,0.0,0.0,0.0
517,1695728021810,-1.5703125,0.3935547,0.13378906,-77.15625,-25.53125,33.4375,0.0,0.0,0.0
518,1695728021850,-0.8544922,0.3642578,0.20019531,-71.3125,-15.25,-37.25,0.0,0.0,0.0
519,1695728021890,-0.40234375,0.16015625,0.15917969,-49.21875,-17.34375,-40.71875,0.0,0.0,0.0
520,1695728021929,-0.4794922,0.17285156,0.21972656,-58.125,30.15625,-23.5625,-73.5,-25.625,-109.25
521,1695728021970,-0.57128906,0.23242188,0.17578125,-82.28125,43.8125,-20.9375,0.0,0.0,0.0
522,1695728022029,-0.5566406,0.16308594,0.3857422,-13.75,47.25,-20.40625,0.0,0.0,0.0
523,1695728022050,-0.9296875,-0.02734375,0.7558594,82.3125,-37.78125,-3.0,0.0,0.0,0.0
524,1695728022090,-0.6279297,-0.16210938,-0.37402344,-35.65625,-33.8125,-31.8125,0.0,0.0,0.0
525,1695728022130,-1.9873047,1.8388672,1.3964844,297.65625,-13.375,41.125,0.0,0.0,0.0
526,1695728022171,-0.6035156,0.02734375,-0.484375,-178.0625,48.53125,-22.90625,0.0,0.0,0.0
527,1695728022210,-0.6699219,0.20800781,0.3671875,39.53125,3.46875,14.53125,0.0,0.0,0.0
528,1695728022250,-1.8095703,-0.25195312,0.064453125,-17.34375,79.53125,13.78125,0.0,0.0,0.0
529,1695728022291,-1.1484375,0.076171875,0.025390625,57.96875,48.21875,-24.3125,0.0,0.0,0.0
530,1695728022330,-0.5800781,0.5498047,0.29003906,64.5625,51.9375,-19.53125,0.0,0.0,0.0
531,1695728022371,-0.8183594,0.4111328,0.39746094,2.90625,46.6875,15.125,0.0,0.0,0.0
532,1695728022410,-0.97753906,0.06542969,0.2734375,-26.5,74.28125,0.71875,0.0,0.0,0.0
533,1695728022450,-0.9716797,-0.0859375,0.3564453,-11.5,44.25,3.53125,-72.875,-26.8125,-117.375
534,1695728022491,-0.9667969,0.0703125,0.26464844,-59.34375,-6.53125,12.625,0.0,0.0,0.0
535,1695728022531,-1.0859375,0.4248047,0.9296875,51.25,-88.0625,14.75,0.0,0.0,0.0
536,1695728022571,-1.1064453,0.5839844,-0.5625,-87.53125,-180.90625,54.96875,0.0,0.0,0.0
537,1695728022610,-0.9951172,0.22363281,0.36035156,161.78125,-88.1875,80.96875,0.0,0.0,0.0
538,1695728022650,-1.4248047,0.640625,0.23828125,-109.03125,-58.15625,65.53125,0.0,0.0,0.0
539,1695728022690,-1.1230469,0.59765625,0.27929688,-32.125,-40.21875,15.5,0.0,0.0,0.0
540,1695728022730,-0.62890625,0.18554688,0.15917969,-38.03125,-16.46875,-23.75,0.0,0.0,0.0
541,1695728022769,-0.44726562,0.16796875,0.18652344,-52.0625,28.4375,-16.4375,0.0,0.0,0.0
542,1695728022809,-0.46484375,0.31933594,0.18066406,-37.84375,55.15625,1.21875,0.0,0.0,0.0
543,1695728022850,-0.53125,0.40625,0.25585938,-16.875,60.71875,12.125,0.0,0.0,0.0
544,1695728022890,-0.6113281,0.2265625,0.26953125,-10.03125,16.34375,12.6875,0.0,0.0,0.0
545,1695728022930,-0.7871094,0.18359375,0.81640625,-70.3125,23.75,-0.5625,-72.625,-23.5,-110.4375
546,1695728022971,-1.1855469,-0.034179688,0.54296875,23.78125,24.96875,-25.46875,0.0,0.0,0.0
547,1695728023014,-2.0,0.95410156,0.3125,49.96875,41.0,-66.0,0.0,0.0,0.0
548,1695728023050,-0.060546875,0.79785156,0.3828125,95.125,-43.53125,41.125,0.0,0.0,0.0
549,1695728023092,-0.63964844,0.35351562,0.095703125,-96.875,67.625,25.1875,0.0,0.0,0.0
550,1695728023128,-1.9794922,-0.049804688,0.25878906,-56.84375,84.84375,33.5,0.0,0.0,0.0
551,1695728023170,-0.8574219,-0.0078125,0.103515625,19.875,55.28125,-20.9375,0.0,0.0,0.0
552,1695728023209,-0.67089844,0.16503906,0.32910156,9.875,56.28125,-17.84375,0.0,0.0,0.0
553,1695728023248,-0.7871094,0.27539062,0.3076172,-45.1875,70.375,-17.78125,0.0,0.0,0.0
554,1695728023310,-0.89453125,0.21679688,0.4814453,4.0,101.625,-37.78125,0.0,0.0,0.0
555,1695728023330,-0.94628906,0.1484375,-0.013671875,-71.78125,-4.28125,-18.6875,0.0,0.0,0.0
556,1695728023372,-1.1054688,0.2705078,0.37304688,42.78125,-30.34375,-8.125,0.0,0.0,0.0
557,1695728023411,-0.8125,1.2802734,0.4423828,56.875,-120.90625,72.75,0.0,0.0,0.0
558,1695728023450,-1.7744141,0.016601562,0.16113281,-153.625,-128.78125,124.6875,-75.3125,-25.1875,-118.5625
559,1695728023491,-0.9013672,0.25683594,-0.11816406,-41.28125,-81.4375,-18.6875,0.0,0.0,0.0
560,1695728023531,-0.5576172,0.16699219,0.27539062,0.59375,-57.9375,26.25,0.0,0.0,0.0
561,1695728023571,-1.2451172,0.4453125,0.3544922,-17.46875,-48.71875,34.21875,0.0,0.0,0.0
562,1695728023612,-0.7314453,0.43164062,0.30273438,-40.53125,-0.6875,-24.0625,0.0,0.0,0.0
563,1695728023651,-0.6357422,0.099609375,0.26660156,-80.46875,38.09375,-54.625,0.0,0.0,0.0
564,1695728023691,-0.5917969,0.01953125,0.12695312,-59.71875,55.90625,-68.375,0.0,0.0,0.0
565,1695728023730,-0.26660156,0.3203125,0.32226562,-72.71875,54.125,-28.625,0.0,0.0,0.0
566,1695728023771,-0.59375,0.21777344,0.38378906,-4.59375,58.59375,14.03125,0.0,0.0,0.0
567,1695728023815,-0.97753906,-0.020507812,0.43066406,62.0,8.28125,36.78125,0.0,0.0,0.0
568,1695728023853,-1.328125,0.12207031,0.51953125,-12.65625,40.53125,-21.90625,0.0,0.0,0.0
569,1695728023894,-1.6523438,0.7675781,-0.40625,78.71875,-53.03125,40.40625,0.0,0.0,0.0
570,1695728023930,0.4794922,0.5996094,0.65527344,130.59375,-63.71875,-9.09375,-74.875,-29.5,-115.125
571,1695728023972,-0.69628906,-0.44921875,-0.1640625,-160.59375,115.53125,37.03125,0.0,0.0,0.0
572,1695728024010,-2.0,-0.14257812,0.052734375,-4.15625,134.03125,18.65625,0.0,0.0,0.0
573,1695728024053,-0.63964844,0.16601562,0.01171875,12.0,31.6875,-43.96875,0.0,0.0,0.0
574,1695728024091,-0.44140625,0.4736328,0.2265625,69.875,24.65625,-13.9375,0.0,0.0,0.0
575,1695728024150,-0.98046875,0.4169922,0.43554688,21.90625,19.84375,43.25,0.0,0.0,0.0
576,1695728024172,-0.9472656,0.26464844,0.41308594,-56.53125,40.40625,3.40625,0.0,0.0,0.0
577,1695728024209,-0.94433594,-0.048828125,0.4140625,-60.0,10.6875,16.53125,0.0,0.0,0.0
578,1695728024249,-0.8769531,0.2578125,0.24316406,-74.65625,-68.90625,16.46875,0.0,0.0,0.0
579,1695728024294,-1.7539062,0.5185547,0.4267578,122.46875,-159.125,89.71875,0.0,0.0,0.0
580,1695728024331,-1.0751953,0.33984375,-0.2421875,-56.78125,-114.1875,32.15625,0.0,0.0,0.0
581,1695728024371,-0.8798828,0.5185547,0.4814453,52.21875,-113.03125,52.90625,0.0,0.0,0.0
582,1695728024411,-1.2617188,0.47558594,0.2861328,-80.15625,-56.21875,18.53125,0.0,0.0,0.0
583,1695728024450,-0.7060547,0.35546875,0.23925781,-28.34375,-33.9375,-24.25,-71.25,-22.3125,-109.25
584,1695728024490,-0.31347656,0.06738281,0.26757812,-24.90625,-16.96875,-4.90625,0.0,0.0,0.0
585,1695728024551,-0.4375,0.14355469,0.27441406,-19.65625,32.53125,22.09375,0.0,0.0,0.0
586,1695728024593,-0.5966797,0.31445312,0.17480469,-7.875,55.0625,31.4375,0.0,0.0,0.0
587,1695728024612,-0.60253906,0.28515625,0.22363281,-10.6875,79.21875,9.75,0.0,0.0,0.0
588,1695728024650,-0.6621094,0.103515625,0.6699219,-21.1875,77.21875,-21.625,0.0,0.0,0.0
589,1695728024690,-0.78222656,-0.0048828125,0.8876953,-10.15625,84.78125,-43.96875,0.0,0.0,0.0
590,1695728024730,-2.0,0.91503906,-0.5136719,-97.65625,51.9375,-20.46875,0.0,0.0,0.0
591,1695728024775,-0.47753906,0.23046875,-0.01171875,86.28125,-87.71875,-10.09375,0.0,0.0,0.0
592,1695728024809,0.022460938,0.35546875,0.41992188,-11.375,29.46875,-5.625,0.0,0.0,0.0
593,1695728024850,-1.8291016,0.06347656,0.16113281,-89.5,103.5625,42.65625,0.0,0.0,0.0
594,1695728024890,-1.3730469,0.02734375,0.053710938,-58.78125,72.1875,-34.375,0.0,0.0,0.0
595,1695728024928,-0.42382812,0.1796875,0.15429688,60.15625,40.40625,-25.28125,-75.3125,-24.125,-123.5
596,1695728024989,-0.54003906,0.2841797,0.4033203,9.25,55.0,9.34375,0.0,0.0,0.0
597,1695728025009,-1.1044922,0.20410156,0.32617188,-48.46875,50.59375,4.09375,0.0,0.0,0.0
598,1695728025049,-1.1416016,0.12109375,0.18066406,-50.375,96.25,-42.125,0.0,0.0,0.0
599,1695728025090,-0.74316406,0.0625,0.4404297,-6.59375,-0.90625,-29.0625,0.0,0.0,0.0
600,1695728025130,-1.0175781,0.32421875,0.5488281,-24.5,-6.90625,35.4375,0.0,0.0,0.0
601,1695728025171,-1.8125,0.765625,0.33496094,-24.84375,-141.71875,70.53125,0.0,0.0,0.0
602,1695728025210,-0.8984375,0.21875,-0.5917969,47.40625,-173.71875,81.46875,0.0,0.0,0.0
603,1695728025249,-0.83203125,0.56347656,1.0195312,78.21875,-126.65625,101.3125,0.0,0.0,0.0
604,1695728025290,-1.2597656,0.3828125,-0.0107421875,-61.40625,-39.90625,37.96875,0.0,0.0,0.0
605,1695728025330,-1.0478516,0.28320312,0.35253906,-31.6875,-26.75,4.6875,0.0,0.0,0.0
606,1695728025371,-0.38476562,0.16210938,0.14746094,-42.1875,3.65625,-21.0,0.0,0.0,0.0
607,1695728025410,-0.26171875,0.15429688,0.24316406,-40.71875,44.25,-10.6875,0.0,0.0,0.0
608,1695728025450,-0.54296875,0.28027344,0.21386719,-23.875,64.8125,17.09375,-72.625,-18.5625,-116.0
609,1695728025490,-0.828125,0.28027344,0.51171875,-0.1875,36.625,-0.75,0.0,0.0,0.0
610,1695728025530,-0.65722656,0.4580078,0.6015625,-1.40625,-4.28125,-21.96875,0.0,0.0,0.0
611,1695728025569,-1.0595703,0.28808594,0.23242188,-19.96875,17.34375,-41.5625,0.0,0.0,0.0
612,1695728025610,-1.9296875,0.2685547,0.27246094,54.25,-18.5,-14.09375,0.0,0.0,0.0
613,1695728025652,-0.26757812,0.43945312,0.46777344,15.5,-19.65625,-20.875,0.0,0.0,0.0
614,1695728025693,-0.9345703,-0.038085938,0.1171875,-60.4375,66.21875,-21.5625,0.0,0.0,0.0
615,1695728025730,-1.9072266,0.072265625,0.22851562,-20.78125,74.59375,-3.78125,0.0,0.0,0.0
616,1695728025771,-0.8486328,0.12109375,0.15917969,35.5625,57.78125,-30.53125,0.0,0.0,0.0
617,1695728025814,-0.59765625,0.265625,0.2705078,28.3125,78.0625,-22.71875,0.0,0.0,0.0
618,1695728025870,-0.9091797,0.22851562,0.27246094,19.59375,61.09375,8.71875,0.0,0.0,0.0
619,1695728025890,-1.0859375,0.26953125,0.4189453,-0.125,112.3125,-44.6875,0.0,0.0,0.0
620,1695728025929,-0.7207031,0.33789062,0.4560547,-7.15625,-6.34375,1.75,-72.125,-24.25,-133.25
621,1695728025977,-1.0166016,0.35253906,0.4345703,-59.34375,-61.03125,41.375,0.0,0.0,0.0
622,1695728026009,-0.99902344,0.50878906,-0.05859375,43.3125,-157.21875,116.25,0.0,0.0,0.0
623,1695728026050,-1.6542969,0.39648438,0.38671875,78.34375,-111.625,184.25,0.0,0.0,0.0
624,1695728026091,-1.1523438,0.049804688,-0.171875,-113.1875,-94.25,60.40625,0.0,0.0,0.0
625,1695728026130,-1.1240234,0.2734375,0.35351562,7.1875,-45.0625,19.875,0.0,0.0,0.0
626,1695728026171,-0.86816406,0.5800781,0.1640625,-18.4375,-23.0,-1.90625,0.0,0.0,0.0
627,1695728026210,-0.39746094,0.15722656,0.27929688,-22.34375,-13.5625,-28.09375,0.0,0.0,0.0
628,1695728026249,-0.6201172,0.234375,0.14453125,-37.71875,26.59375,-23.5625,0.0,0.0,0.0
629,1695728026290,-0.5654297,0.4091797,0.19824219,-36.625,45.96875,-26.8125,0.0,0.0,0.0
630,1695728026331,-0.45507812,0.30273438,0.25195312,-6.71875,52.5,-30.15625,0.0,0.0,0.0
631,1695728026371,-0.5546875,0.08886719,0.296875,20.90625,26.84375,-27.46875,0.0,0.0,0.0
632,1695728026411,-0.953125,0.37402344,0.74902344,26.90625,21.125,-35.40625,0.0,0.0,0.0
633,1695728026450,-2.0,0.95410156,0.10058594,65.21875,40.71875,-17.53125,-72.4375,-17.375,-123.8125
634,1695728026492,0.041015625,0.84765625,0.45410156,73.40625,-61.90625,-5.6875,0.0,0.0,0.0
635,1695728026530,-0.5449219,-0.18359375,0.05078125,-155.53125,45.15625,-6.90625,0.0,0.0,0.0
636,1695728026569,-2.0,-0.15820312,0.49609375,3.84375,73.59375,20.9375,0.0,0.0,0.0
637,1695728026610,-1.2167969,0.17871094,0.0546875,15.4375,62.9375,-46.65625,0.0,0.0,0.0
638,1695728026650,-0.54003906,0.23730469,0.19921875,52.53125,50.40625,-52.5,0.0,0.0,0.0
639,1695728026692,-0.6777344,0.48828125,0.19140625,14.4375,41.375,-7.28125,0.0,0.0,0.0
640,1695728026730,-1.0429688,0.28710938,0.34277344,63.84375,44.96875,4.6875,0.0,0.0,0.0
641,1695728026775,-0.85253906,0.11425781,0.4013672,20.375,68.46875,-24.59375,0.0,0.0,0.0
642,1695728026814,-0.97265625,0.2548828,0.453125,-4.84375,-5.875,10.65625,0.0,0.0,0.0
643,1695728026851,-1.2832031,0.61621094,0.5888672,44.25,-123.78125,43.3125,0.0,0.0,0.0
644,1695728026890,-1.0332031,0.4482422,-0.23730469,1.03125,-219.65625,112.46875,0.0,0.0,0.0
645,1695728026930,-1.1201172,0.5966797,0.72753906,93.0625,-126.21875,118.8125,-73.375,-14.9375,-123.1875
646,1695728026969,-1.2851562,0.28710938,-0.015625,-118.84375,-46.8125,21.53125,0.0,0.0,0.0
647,1695728027010,-1.0664062,0.22558594,0.40039062,6.15625,-54.8125,2.1875,0.0,0.0,0.0
648,1695728027052,-0.5810547,0.234375,0.23339844,-22.15625,-9.34375,-12.34375,0.0,0.0,0.0
649,1695728027090,-0.4580078,0.23730469,0.3125,-28.8125,32.65625,-39.9375,0.0,0.0,0.0
650,1695728027129,-0.63671875,0.28222656,0.3330078,-28.46875,47.59375,-33.15625,0.0,0.0,0.0
651,1695728027169,-0.54296875,0.19921875,0.15722656,-9.28125,49.875,-35.03125,0.0,0.0,0.0
652,1695728027210,-0.4501953,0.33496094,0.39746094,25.3125,53.40625,-14.96875,0.0,0.0,0.0
653,1695728027251,-0.95703125,0.33007812,0.9433594,-7.8125,9.53125,-19.71875,0.0,0.0,0.0
654,1695728027291,-0.9482422,0.017578125,-0.3486328,-69.34375,8.65625,-30.34375,0.0,0.0,0.0
655,1695728027330,-1.5039062,1.0839844,0.29101562,230.8125,-36.0,105.65625,0.0,0.0,0.0
656,1695728027370,-0.8535156,0.19824219,0.12792969,-59.40625,15.3125,-22.78125,0.0,0.0,0.0
657,1695728027410,-0.9951172,0.036132812,0.32714844,33.25,63.34375,-38.84375,0.0,0.0,0.0
658,1695728027451,-1.3671875,0.036132812,0.24414062,0.90625,49.1875,-44.6875,-74.25,-16.9375,-124.5625
659,1695728027489,-1.0087891,0.29882812,0.12988281,40.4375,46.75,-39.5,0.0,0.0,0.0
660,1695728027528,-0.38183594,0.6142578,0.29101562,85.625,35.59375,-13.125,0.0,0.0,0.0
661,1695728027569,-0.8310547,0.31054688,0.3876953,16.46875,48.28125,-9.28125,0.0,0.0,0.0
662,1695728027610,-1.0878906,0.1015625,0.6035156,-6.0,86.375,-27.40625,0.0,0.0,0.0
663,1695728027651,-0.67578125,0.051757812,0.091796875,-79.84375,61.875,-47.75,0.0,0.0,0.0
664,1695728027689,-0.93359375,0.3125,0.3232422,58.75,37.21875,-9.96875,0.0,0.0,0.0
665,1695728027730,-1.6962891,0.6044922,0.68652344,102.78125,-98.28125,99.125,0.0,0.0,0.0
666,1695728027770,-1.0839844,-0.17480469,-0.6621094,-80.6875,-139.53125,81.65625,0.0,0.0,0.0
667,1695728027809,-0.7949219,0.46679688,0.41601562,197.8125,-140.3125,57.5,0.0,0.0,0.0
668,1695728027851,-1.4404297,0.7734375,0.076171875,-127.9375,-35.59375,41.875,0.0,0.0,0.0
669,1695728027893,-1.0830078,0.58203125,0.23535156,-30.40625,-70.625,4.8125,0.0,0.0,0.0
670,1695728027931,-0.6621094,-0.020507812,0.10449219,-46.46875,-62.03125,-20.15625,-74.25,-16.1875,-118.5625
671,1695728027970,-0.3798828,-0.015625,0.17773438,-23.5625,-3.375,-23.09375,0.0,0.0,0.0
672,1695728028010,-0.44628906,0.3046875,0.23730469,-12.59375,39.1875,-29.0,0.0,0.0,0.0
673,1695728028052,-0.4658203,0.27929688,0.47851562,-16.125,43.5,-51.46875,0.0,0.0,0.0
674,1695728028089,-0.37890625,0.16601562,0.57128906,-7.15625,21.125,-49.03125,0.0,0.0,0.0
675,1695728028149,-0.9169922,0.45898438,0.23632812,1.03125,22.9375,-16.6875,0.0,0.0,0.0
676,1695728028170,-2.0,0.3330078,0.06640625,99.09375,-6.15625,43.09375,0.0,0.0,0.0
677,1695728028230,-0.34472656,0.40234375,0.15429688,5.90625,-53.53125,-29.1875,0.0,0.0,0.0
678,1695728028251,-0.74609375,-0.051757812,0.29785156,-70.8125,64.75,-11.0,0.0,0.0,0.0
679,1695728028290,-1.7861328,-0.0546875,0.103515625,5.90625,72.6875,13.84375,0.0,0.0,0.0
680,1695728028330,-1.0214844,0.22265625,0.048828125,47.90625,66.15625,-42.78125,0.0,0.0,0.0
681,1695728028369,-0.57910156,0.30078125,0.34179688,22.1875,78.25,-57.4375,0.0,0.0,0.0
682,1695728028409,-1.0253906,0.24609375,0.23339844,-6.84375,52.3125,-18.75,0.0,0.0,0.0
683,1695728028450,-0.96875,0.171875,0.41992188,30.8125,82.03125,-29.125,-75.125,-25.3125,-130.25
684,1695728028490,-0.82128906,0.025390625,0.4345703,-10.03125,14.71875,-16.84375,0.0,0.0,0.0
685,1695728028529,-1.1240234,0.17871094,0.50390625,26.71875,-33.09375,2.625,0.0,0.0,0.0
686,1695728028572,-1.0107422,1.0097656,0.04296875,-37.0,-131.40625,25.6875,0.0,0.0,0.0
687,1695728028630,-1.2548828,0.328125,0.016601562,84.34375,-209.0625,119.8125,0.0,0.0,0.0
688,1695728028652,-1.2265625,0.42871094,0.53515625,29.28125,-162.84375,91.46875,0.0,0.0,0.0
689,1695728028709,-0.94433594,0.14941406,-0.0009765625,-108.0,-81.84375,31.46875,0.0,0.0,0.0
690,1695728028730,-1.1865234,0.16699219,0.39453125,11.34375,-85.15625,23.84375,0.0,0.0,0.0
691,1695728028770,-0.6513672,0.1015625,0.21875,1.375,0.84375,-40.90625,0.0,0.0,0.0
692,1695728028810,-0.38964844,0.1328125,0.25976562,-2.53125,49.0,-56.78125,0.0,0.0,0.0
693,1695728028849,-0.5126953,0.24121094,0.3095703,-3.0625,67.4375,-37.59375,0.0,0.0,0.0
694,1695728028894,-0.57714844,0.3984375,0.16699219,-32.71875,125.125,-62.03125,0.0,0.0,0.0
695,1695728028931,-0.4892578,0.20898438,0.37402344,40.625,121.75,-53.71875,-77.125,-25.1875,-117.9375
696,1695728028971,-1.5322266,0.3388672,1.4365234,116.625,-59.40625,29.84375,0.0,0.0,0.0
697,1695728029019,-1.0224609,0.5175781,-1.0742188,-59.875,79.9375,-76.5625,0.0,0.0,0.0
698,1695728029053,-1.0634766,0.51171875,0.7421875,4.5625,-82.78125,21.46875,0.0,0.0,0.0
699,1695728029091,-0.7597656,0.13183594,0.041992188,35.5625,6.90625,35.34375,0.0,0.0,0.0
700,1695728029129,-1.3515625,-0.17773438,0.3515625,-37.4375,37.21875,11.9375,0.0,0.0,0.0
701,1695728029170,-1.0097656,-0.12207031,0.21386719,41.0,40.875,-13.625,0.0,0.0,0.0
702,1695728029211,-0.7988281,0.17773438,0.34277344,32.46875,53.28125,-26.0625,0.0,0.0,0.0
703,1695728029251,-0.97558594,0.107421875,0.14941406,50.03125,20.8125,3.59375,0.0,0.0,0.0
704,1695728029290,-0.8652344,0.125,0.23730469,57.53125,56.46875,-8.0625,0.0,0.0,0.0
705,1695728029331,-0.96875,0.16601562,0.46972656,43.375,44.1875,-9.53125,0.0,0.0,0.0
706,1695728029371,-1.171875,0.07324219,0.24609375,-68.5625,30.6875,-34.3125,0.0,0.0,0.0
707,1695728029411,-0.89746094,0.15917969,0.43164062,5.0625,-86.3125,-21.0,0.0,0.0,0.0
708,1695728029451,-1.2988281,0.9453125,0.24316406,16.96875,-168.40625,63.65625,-76.5,-27.5625,-125.3125
709,1695728029492,-0.97265625,0.203125,-0.07519531,11.15625,-124.875,53.09375,0.0,0.0,0.0
710,1695728029529,-0.75878906,0.22167969,0.5576172,55.71875,-111.5,74.5625,0.0,0.0,0.0
711,1695728029570,-1.6669922,0.125,0.33984375,-64.34375,-55.96875,42.71875,0.0,0.0,0.0
712,1695728029610,-0.90625,0.23046875,0.4404297,12.875,-29.4375,-41.5,0.0,0.0,0.0
713,1695728029670,-0.5644531,0.296875,0.30371094,1.75,-14.15625,-32.71875,0.0,0.0,0.0
714,1695728029690,-0.5888672,0.2783203,0.29882812,-22.96875,22.03125,-25.21875,0.0,0.0,0.0
715,1695728029730,-0.4482422,0.16210938,0.12890625,-16.25,63.34375,-25.46875,0.0,0.0,0.0
716,1695728029770,-0.421875,0.080078125,0.33203125,5.34375,68.125,-26.3125,0.0,0.0,0.0
717,1695728029830,-0.40429688,0.15820312,0.5878906,29.78125,77.09375,-12.59375,0.0,0.0,0.0
718,1695728029850,-0.81347656,-0.030273438,0.6220703,80.0,23.3125,3.34375,0.0,0.0,0.0
719,1695728029891,-1.8525391,0.7636719,-0.6582031,-54.75,85.125,-21.96875,0.0,0.0,0.0
720,1695728029930,-0.81152344,0.140625,0.015625,7.1875,-121.15625,-29.25,-76.0625,-26.6875,-117.5
721,1695728029970,-0.09375,0.16113281,0.14257812,66.9375,8.0625,-32.53125,0.0,0.0,0.0
722,1695728030010,-1.5820312,0.06542969,0.32910156,-19.53125,67.375,36.6875,0.0,0.0,0.0
723,1695728030070,-1.4150391,0.041015625,0.14941406,73.15625,27.21875,-9.21875,0.0,0.0,0.0
724,1695728030091,-0.6074219,0.26367188,0.28808594,40.9375,40.46875,-47.3125,0.0,0.0,0.0
725,1695728030130,-0.6923828,0.20507812,0.17480469,1.34375,60.90625,-14.53125,0.0,0.0,0.0
726,1695728030170,-1.1162109,0.17773438,0.20019531,23.0,66.53125,4.6875,0.0,0.0,0.0
727,1695728030210,-0.9238281,0.18066406,0.36816406,35.03125,82.40625,-19.71875,0.0,0.0,0.0
728,1695728030252,-0.7753906,0.17871094,0.14160156,41.0625,11.28125,-8.0625,0.0,0.0,0.0
729,1695728030290,-1.0878906,0.48046875,0.5957031,60.46875,-51.46875,23.78125,0.0,0.0,0.0
730,1695728030332,-0.9980469,0.4765625,0.3544922,-73.9375,-90.59375,43.15625,0.0,0.0,0.0
731,1695728030370,-1.2705078,0.040039062,-0.07421875,51.875,-141.78125,122.375,0.0,0.0,0.0
732,1695728030409,-1.0292969,0.55371094,0.23144531,25.1875,-94.5,78.25,0.0,0.0,0.0
733,1695728030470,-1.6601562,0.57128906,0.10546875,-99.375,-38.59375,41.0,-75.75,-20.6875,-113.3125
734,1695728030491,-1.2148438,0.19335938,0.22363281,-51.03125,-50.78125,-29.125,0.0,0.0,0.0
735,1695728030530,-0.4423828,0.3046875,0.13476562,-26.3125,-62.3125,-29.1875,0.0,0.0,0.0
736,1695728030570,-0.3310547,0.1875,0.2763672,-21.5625,-9.90625,-24.25,0.0,0.0,0.0
737,1695728030610,-0.5449219,0.16796875,0.099609375,-6.375,20.9375,-17.34375,0.0,0.0,0.0
738,1695728030656,-0.6064453,0.18359375,0.20898438,26.90625,24.46875,-14.90625,0.0,0.0,0.0
739,1695728030691,-0.67089844,0.23144531,0.3779297,2.65625,59.9375,-31.75,0.0,0.0,0.0
740,1695728030732,-0.8066406,0.1953125,0.54003906,-6.4375,61.65625,-45.1875,0.0,0.0,0.0
741,1695728030769,-0.9814453,0.45117188,0.81640625,13.15625,37.46875,-26.0625,0.0,0.0,0.0
742,1695728030810,-1.8740234,0.5957031,-0.09472656,28.5625,31.3125,7.5625,0.0,0.0,0.0
743,1695728030851,-0.13183594,0.4345703,0.3515625,149.28125,-95.46875,18.1875,0.0,0.0,0.0
744,1695728030893,-0.5644531,-0.22363281,0.109375,-95.65625,66.46875,15.625,0.0,0.0,0.0
745,1695728030930,-1.9892578,-0.18066406,0.32617188,-1.34375,54.875,28.5625,-76.9375,-24.6875,-112.875
746,1695728030975,-1.1503906,0.13769531,0.043945312,28.0,52.84375,-57.1875,0.0,0.0,0.0
747,1695728031012,-0.46972656,0.40527344,0.16992188,94.15625,48.34375,-39.625,0.0,0.0,0.0
748,1695728031052,-0.89453125,0.3623047,0.12597656,31.0625,36.1875,-2.875,0.0,0.0,0.0
749,1695728031110,-1.0947266,0.3359375,0.2861328,26.0625,69.5625,-13.8125,0.0,0.0,0.0
750,1695728031130,-0.8730469,0.37109375,0.40722656,-4.40625,51.5625,-22.71875,0.0,0.0,0.0
751,1695728031169,-0.7841797,0.19140625,0.14355469,-16.125,38.4375,4.3125,0.0,0.0,0.0
752,1695728031210,-1.15625,0.2783203,0.25976562,5.0,-65.75,49.25,0.0,0.0,0.0
753,1695728031250,-1.4570312,0.15039062,0.43847656,62.1875,-177.75,85.1875,0.0,0.0,0.0
754,1695728031291,-1.0458984,0.6074219,0.030273438,-62.4375,-129.34375,45.71875,0.0,0.0,0.0
755,1695728031330,-0.8330078,0.3466797,0.07324219,-20.59375,-100.40625,24.28125,0.0,0.0,0.0
756,1695728031390,-1.5439453,0.34375,0.41796875,-39.5,-40.59375,30.375,0.0,0.0,0.0
757,1695728031430,-0.88183594,0.33496094,0.19238281,-53.40625,-33.28125,-26.375,0.0,0.0,0.0
758,1695728031450,-0.4970703,0.12109375,0.28125,-23.5,-19.53125,-36.15625,-73.5,-21.5625,-105.8125
759,1695728031492,-0.5546875,0.18359375,0.26757812,-25.65625,21.125,-27.0625,0.0,0.0,0.0
